genome,secondary_cluster,threshold,cluster_method,comparison_algorithm,primary_cluster
nhnw_bin.236.fa.gz,1_0,0.020000000000000018,average,fastANI,1
nhnw_bin.255.fa.gz,2_0,0.020000000000000018,average,fastANI,2
EHA04823_bin.9.fa.gz,3_0,0.020000000000000018,average,fastANI,3
EHA04823_bin.142.fa.gz,4_1,0.020000000000000018,average,fastANI,4
nhnw_bin.16.fa.gz,4_2,0.020000000000000018,average,fastANI,4
EHA04815_bin.24.fa.gz,5_0,0.020000000000000018,average,fastANI,5
EHA04823_bin.238.fa.gz,6_1,0.020000000000000018,average,fastANI,6
nhnw_bin.591.fa.gz,6_2,0.020000000000000018,average,fastANI,6
EHA04815_bin.166.fa.gz,7_0,0.020000000000000018,average,fastANI,7
nhnw_bin.512.fa.gz,8_0,0.020000000000000018,average,fastANI,8
EHA04823_bin.88.fa.gz,9_0,0.020000000000000018,average,fastANI,9
EHA04823_bin.42.fa.gz,10_1,0.020000000000000018,average,fastANI,10
nhnw_bin.12.fa.gz,10_2,0.020000000000000018,average,fastANI,10
nhnw_bin.239.fa.gz,11_0,0.020000000000000018,average,fastANI,11
EHA04823_bin.112.fa.gz,12_1,0.020000000000000018,average,fastANI,12
nhnw_bin.420.fa.gz,12_2,0.020000000000000018,average,fastANI,12
EHA04823_bin.60.fa.gz,13_0,0.020000000000000018,average,fastANI,13
EHA04815_bin.35.fa.gz,14_0,0.020000000000000018,average,fastANI,14
EHA04815_bin.101.fa.gz,15_0,0.020000000000000018,average,fastANI,15
EHA04823_bin.128.fa.gz,16_0,0.020000000000000018,average,fastANI,16
EHA04815_bin.89.fa.gz,17_0,0.020000000000000018,average,fastANI,17
nhnw_bin.448.fa.gz,18_0,0.020000000000000018,average,fastANI,18
EHA04823_bin.274.fa.gz,19_1,0.020000000000000018,average,fastANI,19
nhnw_bin.534.fa.gz,19_2,0.020000000000000018,average,fastANI,19
nhnw_bin.39.fa.gz,20_0,0.020000000000000018,average,fastANI,20
nhnw_bin.497.fa.gz,21_0,0.020000000000000018,average,fastANI,21
EHA04823_bin.84.fa.gz,22_0,0.020000000000000018,average,fastANI,22
nhnw_bin.482.fa.gz,23_0,0.020000000000000018,average,fastANI,23
nhnw_bin.419.fa.gz,24_0,0.020000000000000018,average,fastANI,24
nhnw_bin.585.fa.gz,25_0,0.020000000000000018,average,fastANI,25
EHA04815_bin.102.fa.gz,26_0,0.020000000000000018,average,fastANI,26
EHA04823_bin.132.fa.gz,27_0,0.020000000000000018,average,fastANI,27
nhnw_bin.106.fa.gz,28_0,0.020000000000000018,average,fastANI,28
nhnw_bin.168.fa.gz,29_0,0.020000000000000018,average,fastANI,29
nhnw_bin.30.fa.gz,30_0,0.020000000000000018,average,fastANI,30
nhnw_bin.48.fa.gz,31_0,0.020000000000000018,average,fastANI,31
EHA04823_bin.64.fa.gz,32_1,0.020000000000000018,average,fastANI,32
nhnw_bin.477.fa.gz,32_2,0.020000000000000018,average,fastANI,32
nhnw_bin.258.fa.gz,33_0,0.020000000000000018,average,fastANI,33
nhnw_bin.308.fa.gz,34_0,0.020000000000000018,average,fastANI,34
EHA04815_bin.16.fa.gz,35_0,0.020000000000000018,average,fastANI,35
nhnw_bin.231.fa.gz,36_0,0.020000000000000018,average,fastANI,36
EHA04815_bin.41.fa.gz,37_0,0.020000000000000018,average,fastANI,37
nhnw_bin.81.fa.gz,38_0,0.020000000000000018,average,fastANI,38
EHA04823_bin.2.fa.gz,39_1,0.020000000000000018,average,fastANI,39
nhnw_bin.526.fa.gz,39_2,0.020000000000000018,average,fastANI,39
EHA04823_bin.119.fa.gz,40_0,0.020000000000000018,average,fastANI,40
nhnw_bin.502.fa.gz,41_0,0.020000000000000018,average,fastANI,41
nhnw_bin.536.fa.gz,42_0,0.020000000000000018,average,fastANI,42
EHA04747_bin.7.fa.gz,43_1,0.020000000000000018,average,fastANI,43
EHA04749_bin.1.fa.gz,43_2,0.020000000000000018,average,fastANI,43
EHA04823_bin.226.fa.gz,44_0,0.020000000000000018,average,fastANI,44
EHA04823_bin.163.fa.gz,45_0,0.020000000000000018,average,fastANI,45
EHA04815_bin.108.fa.gz,46_0,0.020000000000000018,average,fastANI,46
nhnw_bin.241.fa.gz,47_0,0.020000000000000018,average,fastANI,47
EHA04823_bin.126.fa.gz,48_1,0.020000000000000018,average,fastANI,48
nhnw_bin.508.fa.gz,48_2,0.020000000000000018,average,fastANI,48
nhnw_bin.490.fa.gz,49_0,0.020000000000000018,average,fastANI,49
EHA04823_bin.144.fa.gz,50_1,0.020000000000000018,average,fastANI,50
nhnw_bin.87.fa.gz,50_2,0.020000000000000018,average,fastANI,50
EHA04815_bin.82.fa.gz,51_1,0.020000000000000018,average,fastANI,51
EHA04823_bin.106.fa.gz,51_2,0.020000000000000018,average,fastANI,51
EHA04823_bin.63.fa.gz,52_0,0.020000000000000018,average,fastANI,52
nhnw_bin.535.fa.gz,53_0,0.020000000000000018,average,fastANI,53
EHA04823_bin.127.fa.gz,54_0,0.020000000000000018,average,fastANI,54
nhnw_bin.376.fa.gz,55_0,0.020000000000000018,average,fastANI,55
nhnw_bin.140.fa.gz,56_0,0.020000000000000018,average,fastANI,56
EHA04823_bin.164.fa.gz,57_1,0.020000000000000018,average,fastANI,57
nhnw_bin.186.fa.gz,57_2,0.020000000000000018,average,fastANI,57
EHA04747_bin.30.fa.gz,58_0,0.020000000000000018,average,fastANI,58
EHA04749_bin.30.fa.gz,59_0,0.020000000000000018,average,fastANI,59
nhnw_bin.590.fa.gz,60_0,0.020000000000000018,average,fastANI,60
EHA04823_bin.241.fa.gz,61_1,0.020000000000000018,average,fastANI,61
nhnw_bin.378.fa.gz,61_2,0.020000000000000018,average,fastANI,61
EHA04815_bin.13.fa.gz,62_0,0.020000000000000018,average,fastANI,62
nhnw_bin.160.fa.gz,63_1,0.020000000000000018,average,fastANI,63
nhnw_bin.427.fa.gz,63_2,0.020000000000000018,average,fastANI,63
EHA04815_bin.211.fa.gz,64_0,0.020000000000000018,average,fastANI,64
nhnw_bin.200.fa.gz,65_0,0.020000000000000018,average,fastANI,65
nhnw_bin.62.fa.gz,66_0,0.020000000000000018,average,fastANI,66
nhnw_bin.552.fa.gz,67_0,0.020000000000000018,average,fastANI,67
nhnw_bin.201.fa.gz,68_0,0.020000000000000018,average,fastANI,68
nhnw_bin.254.fa.gz,69_0,0.020000000000000018,average,fastANI,69
nhnw_bin.347.fa.gz,70_0,0.020000000000000018,average,fastANI,70
EHA04823_bin.302.fa.gz,71_0,0.020000000000000018,average,fastANI,71
nhnw_bin.93.fa.gz,72_0,0.020000000000000018,average,fastANI,72
nhnw_bin.271.fa.gz,73_0,0.020000000000000018,average,fastANI,73
nhnw_bin.233.fa.gz,74_0,0.020000000000000018,average,fastANI,74
EHA04823_bin.279.fa.gz,75_1,0.020000000000000018,average,fastANI,75
nhnw_bin.564.fa.gz,75_2,0.020000000000000018,average,fastANI,75
nhnw_bin.138.fa.gz,76_0,0.020000000000000018,average,fastANI,76
nhnw_bin.142.fa.gz,77_0,0.020000000000000018,average,fastANI,77
nhnw_bin.428.fa.gz,78_0,0.020000000000000018,average,fastANI,78
nhnw_bin.447.fa.gz,79_0,0.020000000000000018,average,fastANI,79
nhnw_bin.176.fa.gz,80_0,0.020000000000000018,average,fastANI,80
nhnw_bin.415.fa.gz,81_0,0.020000000000000018,average,fastANI,81
nhnw_bin.528.fa.gz,82_0,0.020000000000000018,average,fastANI,82
nhnw_bin.267.fa.gz,83_0,0.020000000000000018,average,fastANI,83
nhnw_bin.375.fa.gz,84_0,0.020000000000000018,average,fastANI,84
EHA04823_bin.6.fa.gz,85_0,0.020000000000000018,average,fastANI,85
nhnw_bin.6.fa.gz,86_0,0.020000000000000018,average,fastANI,86
nhnw_bin.445.fa.gz,87_0,0.020000000000000018,average,fastANI,87
EHA04823_bin.76.fa.gz,88_0,0.020000000000000018,average,fastANI,88
EHA04743_bin.36.fa.gz,89_0,0.020000000000000018,average,fastANI,89
EHA04815_bin.121.fa.gz,90_0,0.020000000000000018,average,fastANI,90
EHA04747_bin.4.fa.gz,91_0,0.020000000000000018,average,fastANI,91
nhnw_bin.187.fa.gz,92_0,0.020000000000000018,average,fastANI,92
nhnw_bin.587.fa.gz,93_0,0.020000000000000018,average,fastANI,93
nhnw_bin.121.fa.gz,94_0,0.020000000000000018,average,fastANI,94
nhnw_bin.435.fa.gz,95_0,0.020000000000000018,average,fastANI,95
EHA04815_bin.55.fa.gz,96_0,0.020000000000000018,average,fastANI,96
nhnw_bin.273.fa.gz,97_0,0.020000000000000018,average,fastANI,97
nhnw_bin.472.fa.gz,98_0,0.020000000000000018,average,fastANI,98
EHA04815_bin.78.fa.gz,99_1,0.020000000000000018,average,fastANI,99
EHA04823_bin.123.fa.gz,99_2,0.020000000000000018,average,fastANI,99
EHA04823_bin.152.fa.gz,100_1,0.020000000000000018,average,fastANI,100
nhnw_bin.177.fa.gz,100_2,0.020000000000000018,average,fastANI,100
nhnw_bin.43.fa.gz,101_0,0.020000000000000018,average,fastANI,101
EHA04815_bin.122.fa.gz,102_1,0.020000000000000018,average,fastANI,102
nhnw_bin.342.fa.gz,102_1,0.020000000000000018,average,fastANI,102
EHA04815_bin.1.fa.gz,103_0,0.020000000000000018,average,fastANI,103
nhnw_bin.117.fa.gz,104_0,0.020000000000000018,average,fastANI,104
EHA04823_bin.68.fa.gz,105_0,0.020000000000000018,average,fastANI,105
nhnw_bin.398.fa.gz,106_0,0.020000000000000018,average,fastANI,106
nhnw_bin.164.fa.gz,107_0,0.020000000000000018,average,fastANI,107
nhnw_bin.549.fa.gz,108_0,0.020000000000000018,average,fastANI,108
nhnw_bin.193.fa.gz,109_0,0.020000000000000018,average,fastANI,109
nhnw_bin.388.fa.gz,110_0,0.020000000000000018,average,fastANI,110
nhnw_bin.595.fa.gz,111_0,0.020000000000000018,average,fastANI,111
nhnw_bin.26.fa.gz,112_0,0.020000000000000018,average,fastANI,112
EHA04815_bin.57.fa.gz,113_0,0.020000000000000018,average,fastANI,113
nhnw_bin.351.fa.gz,114_0,0.020000000000000018,average,fastANI,114
nhnw_bin.358.fa.gz,115_0,0.020000000000000018,average,fastANI,115
EHA04823_bin.66.fa.gz,116_1,0.020000000000000018,average,fastANI,116
nhnw_bin.152.fa.gz,116_2,0.020000000000000018,average,fastANI,116
EHA04815_bin.143.fa.gz,117_0,0.020000000000000018,average,fastANI,117
nhnw_bin.167.fa.gz,118_0,0.020000000000000018,average,fastANI,118
nhnw_bin.570.fa.gz,119_0,0.020000000000000018,average,fastANI,119
nhnw_bin.301.fa.gz,120_0,0.020000000000000018,average,fastANI,120
EHA04815_bin.61.fa.gz,121_0,0.020000000000000018,average,fastANI,121
nhnw_bin.460.fa.gz,122_0,0.020000000000000018,average,fastANI,122
nhnw_bin.517.fa.gz,123_0,0.020000000000000018,average,fastANI,123
EHA04823_bin.146.fa.gz,124_1,0.020000000000000018,average,fastANI,124
nhnw_bin.562.fa.gz,124_2,0.020000000000000018,average,fastANI,124
EHA04743_bin.42.fa.gz,125_1,0.020000000000000018,average,fastANI,125
EHA04750_bin.38.fa.gz,125_2,0.020000000000000018,average,fastANI,125
EHA04748_bin.50.fa.gz,125_3,0.020000000000000018,average,fastANI,125
EHA04747_bin.43.fa.gz,125_4,0.020000000000000018,average,fastANI,125
EHA04815_bin.182.fa.gz,126_1,0.020000000000000018,average,fastANI,126
EHA04823_bin.299.fa.gz,126_2,0.020000000000000018,average,fastANI,126
EHA04823_bin.282.fa.gz,127_0,0.020000000000000018,average,fastANI,127
EHA04823_bin.184.fa.gz,128_1,0.020000000000000018,average,fastANI,128
nhnw_bin.75.fa.gz,128_2,0.020000000000000018,average,fastANI,128
nhnw_bin.199.fa.gz,129_0,0.020000000000000018,average,fastANI,129
nhnw_bin.537.fa.gz,130_0,0.020000000000000018,average,fastANI,130
nhnw_bin.247.fa.gz,131_0,0.020000000000000018,average,fastANI,131
nhnw_bin.364.fa.gz,132_0,0.020000000000000018,average,fastANI,132
EHA04823_bin.240.fa.gz,133_1,0.020000000000000018,average,fastANI,133
nhnw_bin.525.fa.gz,133_2,0.020000000000000018,average,fastANI,133
EHA04815_bin.116.fa.gz,134_0,0.020000000000000018,average,fastANI,134
nhnw_bin.356.fa.gz,135_0,0.020000000000000018,average,fastANI,135
EHA04823_bin.259.fa.gz,136_1,0.020000000000000018,average,fastANI,136
nhnw_bin.346.fa.gz,136_2,0.020000000000000018,average,fastANI,136
EHA04815_bin.36.fa.gz,137_0,0.020000000000000018,average,fastANI,137
EHA04823_bin.270.fa.gz,138_0,0.020000000000000018,average,fastANI,138
EHA04815_bin.157.fa.gz,139_0,0.020000000000000018,average,fastANI,139
EHA04815_bin.64.fa.gz,140_0,0.020000000000000018,average,fastANI,140
EHA04823_bin.176.fa.gz,141_0,0.020000000000000018,average,fastANI,141
EHA04815_bin.136.fa.gz,142_1,0.020000000000000018,average,fastANI,142
nhnw_bin.293.fa.gz,142_2,0.020000000000000018,average,fastANI,142
EHA04815_bin.88.fa.gz,143_0,0.020000000000000018,average,fastANI,143
EHA04823_bin.273.fa.gz,144_0,0.020000000000000018,average,fastANI,144
nhnw_bin.349.fa.gz,145_0,0.020000000000000018,average,fastANI,145
nhnw_bin.42.fa.gz,146_0,0.020000000000000018,average,fastANI,146
nhnw_bin.430.fa.gz,147_0,0.020000000000000018,average,fastANI,147
nhnw_bin.503.fa.gz,148_0,0.020000000000000018,average,fastANI,148
EHA04815_bin.167.fa.gz,149_0,0.020000000000000018,average,fastANI,149
nhnw_bin.362.fa.gz,150_0,0.020000000000000018,average,fastANI,150
nhnw_bin.274.fa.gz,151_0,0.020000000000000018,average,fastANI,151
EHA04823_bin.182.fa.gz,152_0,0.020000000000000018,average,fastANI,152
EHA04815_bin.44.fa.gz,153_0,0.020000000000000018,average,fastANI,153
EHA04815_bin.45.fa.gz,154_0,0.020000000000000018,average,fastANI,154
EHA04750_bin.45.fa.gz,155_1,0.020000000000000018,average,fastANI,155
EHA04815_bin.161.fa.gz,155_2,0.020000000000000018,average,fastANI,155
EHA04823_bin.196.fa.gz,155_3,0.020000000000000018,average,fastANI,155
nhnw_bin.599.fa.gz,155_4,0.020000000000000018,average,fastANI,155
EHA04815_bin.53.fa.gz,156_1,0.020000000000000018,average,fastANI,156
EHA04823_bin.23.fa.gz,156_2,0.020000000000000018,average,fastANI,156
nhnw_bin.374.fa.gz,156_3,0.020000000000000018,average,fastANI,156
nhnw_bin.306.fa.gz,157_0,0.020000000000000018,average,fastANI,157
EHA04823_bin.219.fa.gz,158_1,0.020000000000000018,average,fastANI,158
nhnw_bin.509.fa.gz,158_2,0.020000000000000018,average,fastANI,158
EHA04823_bin.40.fa.gz,159_0,0.020000000000000018,average,fastANI,159
nhnw_bin.332.fa.gz,160_0,0.020000000000000018,average,fastANI,160
nhnw_bin.318.fa.gz,161_0,0.020000000000000018,average,fastANI,161
nhnw_bin.424.fa.gz,162_0,0.020000000000000018,average,fastANI,162
EHA04823_bin.101.fa.gz,163_0,0.020000000000000018,average,fastANI,163
EHA04823_bin.62.fa.gz,164_0,0.020000000000000018,average,fastANI,164
EHA04815_bin.198.fa.gz,165_0,0.020000000000000018,average,fastANI,165
nhnw_bin.366.fa.gz,166_0,0.020000000000000018,average,fastANI,166
nhnw_bin.310.fa.gz,167_0,0.020000000000000018,average,fastANI,167
nhnw_bin.417.fa.gz,168_0,0.020000000000000018,average,fastANI,168
nhnw_bin.88.fa.gz,169_0,0.020000000000000018,average,fastANI,169
nhnw_bin.551.fa.gz,170_0,0.020000000000000018,average,fastANI,170
EHA04815_bin.71.fa.gz,171_0,0.020000000000000018,average,fastANI,171
nhnw_bin.328.fa.gz,172_0,0.020000000000000018,average,fastANI,172
EHA04823_bin.211.fa.gz,173_0,0.020000000000000018,average,fastANI,173
nhnw_bin.504.fa.gz,174_0,0.020000000000000018,average,fastANI,174
nhnw_bin.185.fa.gz,175_0,0.020000000000000018,average,fastANI,175
nhnw_bin.95.fa.gz,176_0,0.020000000000000018,average,fastANI,176
EHA04823_bin.171.fa.gz,177_0,0.020000000000000018,average,fastANI,177
nhnw_bin.84.fa.gz,178_0,0.020000000000000018,average,fastANI,178
nhnw_bin.574.fa.gz,179_0,0.020000000000000018,average,fastANI,179
nhnw_bin.101.fa.gz,180_0,0.020000000000000018,average,fastANI,180
nhnw_bin.593.fa.gz,181_0,0.020000000000000018,average,fastANI,181
nhnw_bin.149.fa.gz,182_0,0.020000000000000018,average,fastANI,182
nhnw_bin.313.fa.gz,183_0,0.020000000000000018,average,fastANI,183
nhnw_bin.260.fa.gz,184_0,0.020000000000000018,average,fastANI,184
nhnw_bin.287.fa.gz,185_0,0.020000000000000018,average,fastANI,185
nhnw_bin.300.fa.gz,186_0,0.020000000000000018,average,fastANI,186
nhnw_bin.350.fa.gz,187_0,0.020000000000000018,average,fastANI,187
nhnw_bin.166.fa.gz,188_0,0.020000000000000018,average,fastANI,188
nhnw_bin.527.fa.gz,189_0,0.020000000000000018,average,fastANI,189
nhnw_bin.83.fa.gz,190_0,0.020000000000000018,average,fastANI,190
nhnw_bin.4.fa.gz,191_0,0.020000000000000018,average,fastANI,191
nhnw_bin.151.fa.gz,192_0,0.020000000000000018,average,fastANI,192
nhnw_bin.556.fa.gz,193_0,0.020000000000000018,average,fastANI,193
nhnw_bin.86.fa.gz,194_0,0.020000000000000018,average,fastANI,194
nhnw_bin.361.fa.gz,195_0,0.020000000000000018,average,fastANI,195
EHA04823_bin.272.fa.gz,196_0,0.020000000000000018,average,fastANI,196
nhnw_bin.158.fa.gz,197_0,0.020000000000000018,average,fastANI,197
EHA04823_bin.120.fa.gz,198_1,0.020000000000000018,average,fastANI,198
nhnw_bin.565.fa.gz,198_2,0.020000000000000018,average,fastANI,198
nhnw_bin.28.fa.gz,199_0,0.020000000000000018,average,fastANI,199
EHA04823_bin.58.fa.gz,200_1,0.020000000000000018,average,fastANI,200
nhnw_bin.596.fa.gz,200_2,0.020000000000000018,average,fastANI,200
nhnw_bin.50.fa.gz,201_0,0.020000000000000018,average,fastANI,201
EHA04815_bin.91.fa.gz,202_1,0.020000000000000018,average,fastANI,202
nhnw_bin.579.fa.gz,202_2,0.020000000000000018,average,fastANI,202
nhnw_bin.211.fa.gz,203_0,0.020000000000000018,average,fastANI,203
EHA04823_bin.1.fa.gz,204_0,0.020000000000000018,average,fastANI,204
EHA04823_bin.262.fa.gz,205_0,0.020000000000000018,average,fastANI,205
EHA04815_bin.83.fa.gz,206_0,0.020000000000000018,average,fastANI,206
nhnw_bin.91.fa.gz,207_0,0.020000000000000018,average,fastANI,207
nhnw_bin.270.fa.gz,208_0,0.020000000000000018,average,fastANI,208
EHA04823_bin.188.fa.gz,209_0,0.020000000000000018,average,fastANI,209
nhnw_bin.438.fa.gz,210_0,0.020000000000000018,average,fastANI,210
EHA04815_bin.23.fa.gz,211_0,0.020000000000000018,average,fastANI,211
nhnw_bin.532.fa.gz,212_0,0.020000000000000018,average,fastANI,212
EHA04750_bin.29.fa.gz,213_1,0.020000000000000018,average,fastANI,213
nhnw_bin.334.fa.gz,213_2,0.020000000000000018,average,fastANI,213
EHA04815_bin.7.fa.gz,214_0,0.020000000000000018,average,fastANI,214
EHA04823_bin.86.fa.gz,215_0,0.020000000000000018,average,fastANI,215
nhnw_bin.154.fa.gz,216_0,0.020000000000000018,average,fastANI,216
nhnw_bin.281.fa.gz,217_0,0.020000000000000018,average,fastANI,217
nhnw_bin.89.fa.gz,218_0,0.020000000000000018,average,fastANI,218
nhnw_bin.432.fa.gz,219_0,0.020000000000000018,average,fastANI,219
EHA04823_bin.251.fa.gz,220_1,0.020000000000000018,average,fastANI,220
nhnw_bin.118.fa.gz,220_2,0.020000000000000018,average,fastANI,220
EHA04823_bin.65.fa.gz,221_1,0.020000000000000018,average,fastANI,221
nhnw_bin.344.fa.gz,221_2,0.020000000000000018,average,fastANI,221
EHA04823_bin.34.fa.gz,222_1,0.020000000000000018,average,fastANI,222
nhnw_bin.232.fa.gz,222_2,0.020000000000000018,average,fastANI,222
nhnw_bin.548.fa.gz,223_0,0.020000000000000018,average,fastANI,223
nhnw_bin.25.fa.gz,224_0,0.020000000000000018,average,fastANI,224
nhnw_bin.276.fa.gz,225_0,0.020000000000000018,average,fastANI,225
nhnw_bin.544.fa.gz,226_0,0.020000000000000018,average,fastANI,226
EHA04823_bin.263.fa.gz,227_1,0.020000000000000018,average,fastANI,227
nhnw_bin.567.fa.gz,227_1,0.020000000000000018,average,fastANI,227
EHA04823_bin.247.fa.gz,228_0,0.020000000000000018,average,fastANI,228
nhnw_bin.5.fa.gz,229_0,0.020000000000000018,average,fastANI,229
EHA04823_bin.183.fa.gz,230_1,0.020000000000000018,average,fastANI,230
nhnw_bin.223.fa.gz,230_2,0.020000000000000018,average,fastANI,230
nhnw_bin.437.fa.gz,231_0,0.020000000000000018,average,fastANI,231
EHA04815_bin.34.fa.gz,232_0,0.020000000000000018,average,fastANI,232
nhnw_bin.60.fa.gz,233_0,0.020000000000000018,average,fastANI,233
nhnw_bin.17.fa.gz,234_0,0.020000000000000018,average,fastANI,234
nhnw_bin.404.fa.gz,235_0,0.020000000000000018,average,fastANI,235
nhnw_bin.485.fa.gz,236_0,0.020000000000000018,average,fastANI,236
EHA04823_bin.278.fa.gz,237_1,0.020000000000000018,average,fastANI,237
nhnw_bin.92.fa.gz,237_1,0.020000000000000018,average,fastANI,237
nhnw_bin.495.fa.gz,238_0,0.020000000000000018,average,fastANI,238
EHA04823_bin.26.fa.gz,239_0,0.020000000000000018,average,fastANI,239
nhnw_bin.336.fa.gz,240_0,0.020000000000000018,average,fastANI,240
EHA04815_bin.200.fa.gz,241_1,0.020000000000000018,average,fastANI,241
nhnw_bin.315.fa.gz,241_2,0.020000000000000018,average,fastANI,241
nhnw_bin.309.fa.gz,242_0,0.020000000000000018,average,fastANI,242
EHA04823_bin.93.fa.gz,243_1,0.020000000000000018,average,fastANI,243
nhnw_bin.297.fa.gz,243_2,0.020000000000000018,average,fastANI,243
nhnw_bin.133.fa.gz,244_0,0.020000000000000018,average,fastANI,244
nhnw_bin.67.fa.gz,245_0,0.020000000000000018,average,fastANI,245
nhnw_bin.289.fa.gz,246_0,0.020000000000000018,average,fastANI,246
nhnw_bin.455.fa.gz,247_0,0.020000000000000018,average,fastANI,247
nhnw_bin.601.fa.gz,248_0,0.020000000000000018,average,fastANI,248
EHA04823_bin.121.fa.gz,249_1,0.020000000000000018,average,fastANI,249
nhnw_bin.466.fa.gz,249_2,0.020000000000000018,average,fastANI,249
EHA04815_bin.178.fa.gz,249_3,0.020000000000000018,average,fastANI,249
EHA04823_bin.206.fa.gz,250_1,0.020000000000000018,average,fastANI,250
nhnw_bin.538.fa.gz,250_2,0.020000000000000018,average,fastANI,250
EHA04815_bin.156.fa.gz,251_0,0.020000000000000018,average,fastANI,251
nhnw_bin.563.fa.gz,252_0,0.020000000000000018,average,fastANI,252
nhnw_bin.594.fa.gz,253_0,0.020000000000000018,average,fastANI,253
nhnw_bin.355.fa.gz,254_0,0.020000000000000018,average,fastANI,254
nhnw_bin.479.fa.gz,255_0,0.020000000000000018,average,fastANI,255
EHA04823_bin.205.fa.gz,256_0,0.020000000000000018,average,fastANI,256
EHA04823_bin.222.fa.gz,257_0,0.020000000000000018,average,fastANI,257
nhnw_bin.34.fa.gz,258_0,0.020000000000000018,average,fastANI,258
nhnw_bin.440.fa.gz,259_0,0.020000000000000018,average,fastANI,259
nhnw_bin.515.fa.gz,260_0,0.020000000000000018,average,fastANI,260
EHA04823_bin.214.fa.gz,261_0,0.020000000000000018,average,fastANI,261
nhnw_bin.175.fa.gz,262_0,0.020000000000000018,average,fastANI,262
nhnw_bin.359.fa.gz,263_0,0.020000000000000018,average,fastANI,263
EHA04823_bin.87.fa.gz,264_0,0.020000000000000018,average,fastANI,264
nhnw_bin.181.fa.gz,265_0,0.020000000000000018,average,fastANI,265
nhnw_bin.566.fa.gz,266_0,0.020000000000000018,average,fastANI,266
EHA04823_bin.250.fa.gz,267_1,0.020000000000000018,average,fastANI,267
nhnw_bin.56.fa.gz,267_2,0.020000000000000018,average,fastANI,267
nhnw_bin.197.fa.gz,268_0,0.020000000000000018,average,fastANI,268
nhnw_bin.418.fa.gz,269_0,0.020000000000000018,average,fastANI,269
nhnw_bin.82.fa.gz,270_0,0.020000000000000018,average,fastANI,270
EHA04815_bin.48.fa.gz,271_0,0.020000000000000018,average,fastANI,271
EHA04823_bin.227.fa.gz,272_0,0.020000000000000018,average,fastANI,272
EHA04815_bin.113.fa.gz,273_0,0.020000000000000018,average,fastANI,273
EHA04823_bin.232.fa.gz,274_0,0.020000000000000018,average,fastANI,274
EHA04823_bin.94.fa.gz,275_0,0.020000000000000018,average,fastANI,275
nhnw_bin.252.fa.gz,276_0,0.020000000000000018,average,fastANI,276
nhnw_bin.191.fa.gz,277_0,0.020000000000000018,average,fastANI,277
nhnw_bin.464.fa.gz,278_0,0.020000000000000018,average,fastANI,278
EHA04823_bin.275.fa.gz,279_1,0.020000000000000018,average,fastANI,279
nhnw_bin.402.fa.gz,279_2,0.020000000000000018,average,fastANI,279
EHA04823_bin.261.fa.gz,280_0,0.020000000000000018,average,fastANI,280
nhnw_bin.360.fa.gz,281_0,0.020000000000000018,average,fastANI,281
nhnw_bin.68.fa.gz,282_0,0.020000000000000018,average,fastANI,282
nhnw_bin.380.fa.gz,283_0,0.020000000000000018,average,fastANI,283
nhnw_bin.452.fa.gz,284_0,0.020000000000000018,average,fastANI,284
nhnw_bin.206.fa.gz,285_0,0.020000000000000018,average,fastANI,285
EHA04815_bin.80.fa.gz,286_0,0.020000000000000018,average,fastANI,286
nhnw_bin.522.fa.gz,287_0,0.020000000000000018,average,fastANI,287
nhnw_bin.14.fa.gz,288_0,0.020000000000000018,average,fastANI,288
nhnw_bin.324.fa.gz,289_0,0.020000000000000018,average,fastANI,289
nhnw_bin.507.fa.gz,290_0,0.020000000000000018,average,fastANI,290
EHA04815_bin.96.fa.gz,291_0,0.020000000000000018,average,fastANI,291
EHA04823_bin.49.fa.gz,292_0,0.020000000000000018,average,fastANI,292
EHA04815_bin.100.fa.gz,293_0,0.020000000000000018,average,fastANI,293
nhnw_bin.543.fa.gz,294_0,0.020000000000000018,average,fastANI,294
EHA04815_bin.14.fa.gz,295_1,0.020000000000000018,average,fastANI,295
nhnw_bin.470.fa.gz,295_2,0.020000000000000018,average,fastANI,295
nhnw_bin.112.fa.gz,296_0,0.020000000000000018,average,fastANI,296
EHA04744_bin.26.fa.gz,297_1,0.020000000000000018,average,fastANI,297
nhnw_bin.253.fa.gz,297_1,0.020000000000000018,average,fastANI,297
nhnw_bin.337.fa.gz,298_0,0.020000000000000018,average,fastANI,298
EHA04815_bin.92.fa.gz,299_0,0.020000000000000018,average,fastANI,299
nhnw_bin.215.fa.gz,300_0,0.020000000000000018,average,fastANI,300
nhnw_bin.286.fa.gz,301_0,0.020000000000000018,average,fastANI,301
nhnw_bin.165.fa.gz,302_0,0.020000000000000018,average,fastANI,302
nhnw_bin.389.fa.gz,303_0,0.020000000000000018,average,fastANI,303
EHA04823_bin.27.fa.gz,304_0,0.020000000000000018,average,fastANI,304
nhnw_bin.395.fa.gz,305_0,0.020000000000000018,average,fastANI,305
nhnw_bin.459.fa.gz,306_0,0.020000000000000018,average,fastANI,306
EHA04747_bin.26.fa.gz,307_1,0.020000000000000018,average,fastANI,307
EHA04815_bin.118.fa.gz,307_1,0.020000000000000018,average,fastANI,307
EHA04750_bin.25.fa.gz,307_2,0.020000000000000018,average,fastANI,307
nhnw_bin.59.fa.gz,308_0,0.020000000000000018,average,fastANI,308
EHA04823_bin.85.fa.gz,309_0,0.020000000000000018,average,fastANI,309
nhnw_bin.156.fa.gz,310_0,0.020000000000000018,average,fastANI,310
nhnw_bin.194.fa.gz,311_0,0.020000000000000018,average,fastANI,311
EHA04823_bin.115.fa.gz,312_0,0.020000000000000018,average,fastANI,312
nhnw_bin.144.fa.gz,313_0,0.020000000000000018,average,fastANI,313
EHA04823_bin.228.fa.gz,314_0,0.020000000000000018,average,fastANI,314
EHA04823_bin.125.fa.gz,315_1,0.020000000000000018,average,fastANI,315
nhnw_bin.2.fa.gz,315_2,0.020000000000000018,average,fastANI,315
EHA04815_bin.85.fa.gz,316_0,0.020000000000000018,average,fastANI,316
EHA04823_bin.97.fa.gz,317_0,0.020000000000000018,average,fastANI,317
nhnw_bin.119.fa.gz,318_0,0.020000000000000018,average,fastANI,318
EHA04823_bin.4.fa.gz,319_0,0.020000000000000018,average,fastANI,319
EHA04823_bin.83.fa.gz,320_0,0.020000000000000018,average,fastANI,320
nhnw_bin.465.fa.gz,321_0,0.020000000000000018,average,fastANI,321
EHA04815_bin.66.fa.gz,322_0,0.020000000000000018,average,fastANI,322
EHA04823_bin.162.fa.gz,323_0,0.020000000000000018,average,fastANI,323
EHA04823_bin.80.fa.gz,324_1,0.020000000000000018,average,fastANI,324
nhnw_bin.592.fa.gz,324_2,0.020000000000000018,average,fastANI,324
EHA04746_bin.20.fa.gz,325_1,0.020000000000000018,average,fastANI,325
EHA04823_bin.21.fa.gz,325_2,0.020000000000000018,average,fastANI,325
EHA04823_bin.20.fa.gz,326_0,0.020000000000000018,average,fastANI,326
nhnw_bin.441.fa.gz,327_0,0.020000000000000018,average,fastANI,327
nhnw_bin.558.fa.gz,328_0,0.020000000000000018,average,fastANI,328
nhnw_bin.312.fa.gz,329_1,0.020000000000000018,average,fastANI,329
nhnw_bin.499.fa.gz,329_2,0.020000000000000018,average,fastANI,329
EHA04815_bin.188.fa.gz,330_0,0.020000000000000018,average,fastANI,330
nhnw_bin.41.fa.gz,331_0,0.020000000000000018,average,fastANI,331
nhnw_bin.103.fa.gz,332_0,0.020000000000000018,average,fastANI,332
EHA04748_bin.25.fa.gz,333_0,0.020000000000000018,average,fastANI,333
EHA04823_bin.268.fa.gz,334_0,0.020000000000000018,average,fastANI,334
nhnw_bin.174.fa.gz,335_0,0.020000000000000018,average,fastANI,335
nhnw_bin.288.fa.gz,336_0,0.020000000000000018,average,fastANI,336
EHA04823_bin.61.fa.gz,337_1,0.020000000000000018,average,fastANI,337
nhnw_bin.256.fa.gz,337_1,0.020000000000000018,average,fastANI,337
EHA04815_bin.110.fa.gz,338_0,0.020000000000000018,average,fastANI,338
EHA04815_bin.56.fa.gz,339_0,0.020000000000000018,average,fastANI,339
EHA04823_bin.100.fa.gz,340_0,0.020000000000000018,average,fastANI,340
EHA04823_bin.138.fa.gz,341_0,0.020000000000000018,average,fastANI,341
EHA04745_bin.5.fa.gz,342_0,0.020000000000000018,average,fastANI,342
nhnw_bin.531.fa.gz,343_0,0.020000000000000018,average,fastANI,343
nhnw_bin.249.fa.gz,344_0,0.020000000000000018,average,fastANI,344
nhnw_bin.426.fa.gz,345_0,0.020000000000000018,average,fastANI,345
nhnw_bin.541.fa.gz,346_0,0.020000000000000018,average,fastANI,346
nhnw_bin.127.fa.gz,347_0,0.020000000000000018,average,fastANI,347
EHA04823_bin.140.fa.gz,348_0,0.020000000000000018,average,fastANI,348
nhnw_bin.505.fa.gz,349_0,0.020000000000000018,average,fastANI,349
nhnw_bin.171.fa.gz,350_0,0.020000000000000018,average,fastANI,350
nhnw_bin.250.fa.gz,351_0,0.020000000000000018,average,fastANI,351
nhnw_bin.339.fa.gz,352_0,0.020000000000000018,average,fastANI,352
EHA04815_bin.29.fa.gz,353_0,0.020000000000000018,average,fastANI,353
EHA04815_bin.70.fa.gz,354_0,0.020000000000000018,average,fastANI,354
EHA04823_bin.17.fa.gz,355_0,0.020000000000000018,average,fastANI,355
nhnw_bin.283.fa.gz,356_0,0.020000000000000018,average,fastANI,356
EHA04823_bin.89.fa.gz,357_0,0.020000000000000018,average,fastANI,357
nhnw_bin.335.fa.gz,358_0,0.020000000000000018,average,fastANI,358
nhnw_bin.546.fa.gz,359_0,0.020000000000000018,average,fastANI,359
EHA04743_bin.3.fa.gz,360_1,0.020000000000000018,average,fastANI,360
EHA04823_bin.131.fa.gz,360_2,0.020000000000000018,average,fastANI,360
EHA04823_bin.255.fa.gz,361_0,0.020000000000000018,average,fastANI,361
nhnw_bin.501.fa.gz,362_0,0.020000000000000018,average,fastANI,362
EHA04815_bin.123.fa.gz,363_0,0.020000000000000018,average,fastANI,363
nhnw_bin.280.fa.gz,364_0,0.020000000000000018,average,fastANI,364
nhnw_bin.204.fa.gz,365_0,0.020000000000000018,average,fastANI,365
nhnw_bin.603.fa.gz,366_0,0.020000000000000018,average,fastANI,366
nhnw_bin.457.fa.gz,367_0,0.020000000000000018,average,fastANI,367
nhnw_bin.72.fa.gz,368_0,0.020000000000000018,average,fastANI,368
EHA04823_bin.118.fa.gz,369_1,0.020000000000000018,average,fastANI,369
nhnw_bin.387.fa.gz,369_2,0.020000000000000018,average,fastANI,369
EHA04823_bin.96.fa.gz,370_0,0.020000000000000018,average,fastANI,370
nhnw_bin.100.fa.gz,371_1,0.020000000000000018,average,fastANI,371
nhnw_bin.240.fa.gz,371_2,0.020000000000000018,average,fastANI,371
nhnw_bin.1.fa.gz,372_0,0.020000000000000018,average,fastANI,372
nhnw_bin.128.fa.gz,373_0,0.020000000000000018,average,fastANI,373
EHA04815_bin.94.fa.gz,374_0,0.020000000000000018,average,fastANI,374
EHA04823_bin.145.fa.gz,375_0,0.020000000000000018,average,fastANI,375
nhnw_bin.66.fa.gz,376_0,0.020000000000000018,average,fastANI,376
nhnw_bin.279.fa.gz,377_0,0.020000000000000018,average,fastANI,377
nhnw_bin.520.fa.gz,378_0,0.020000000000000018,average,fastANI,378
nhnw_bin.263.fa.gz,379_0,0.020000000000000018,average,fastANI,379
EHA04823_bin.180.fa.gz,380_0,0.020000000000000018,average,fastANI,380
nhnw_bin.234.fa.gz,381_0,0.020000000000000018,average,fastANI,381
nhnw_bin.348.fa.gz,382_0,0.020000000000000018,average,fastANI,382
EHA04823_bin.133.fa.gz,383_0,0.020000000000000018,average,fastANI,383
nhnw_bin.454.fa.gz,384_0,0.020000000000000018,average,fastANI,384
EHA04823_bin.136.fa.gz,385_0,0.020000000000000018,average,fastANI,385
nhnw_bin.444.fa.gz,386_0,0.020000000000000018,average,fastANI,386
nhnw_bin.269.fa.gz,387_0,0.020000000000000018,average,fastANI,387
nhnw_bin.116.fa.gz,388_0,0.020000000000000018,average,fastANI,388
nhnw_bin.577.fa.gz,389_0,0.020000000000000018,average,fastANI,389
nhnw_bin.134.fa.gz,390_0,0.020000000000000018,average,fastANI,390
nhnw_bin.268.fa.gz,391_0,0.020000000000000018,average,fastANI,391
EHA04815_bin.40.fa.gz,392_0,0.020000000000000018,average,fastANI,392
nhnw_bin.13.fa.gz,393_0,0.020000000000000018,average,fastANI,393
nhnw_bin.329.fa.gz,394_0,0.020000000000000018,average,fastANI,394
EHA04823_bin.212.fa.gz,395_0,0.020000000000000018,average,fastANI,395
nhnw_bin.61.fa.gz,396_0,0.020000000000000018,average,fastANI,396
nhnw_bin.172.fa.gz,397_0,0.020000000000000018,average,fastANI,397
nhnw_bin.513.fa.gz,398_0,0.020000000000000018,average,fastANI,398
nhnw_bin.44.fa.gz,399_0,0.020000000000000018,average,fastANI,399
nhnw_bin.77.fa.gz,400_0,0.020000000000000018,average,fastANI,400
nhnw_bin.290.fa.gz,401_0,0.020000000000000018,average,fastANI,401
nhnw_bin.40.fa.gz,402_0,0.020000000000000018,average,fastANI,402
nhnw_bin.111.fa.gz,403_0,0.020000000000000018,average,fastANI,403
nhnw_bin.461.fa.gz,404_0,0.020000000000000018,average,fastANI,404
nhnw_bin.266.fa.gz,405_0,0.020000000000000018,average,fastANI,405
nhnw_bin.323.fa.gz,406_0,0.020000000000000018,average,fastANI,406
nhnw_bin.182.fa.gz,407_0,0.020000000000000018,average,fastANI,407
nhnw_bin.184.fa.gz,408_0,0.020000000000000018,average,fastANI,408
nhnw_bin.491.fa.gz,409_0,0.020000000000000018,average,fastANI,409
EHA04823_bin.55.fa.gz,410_1,0.020000000000000018,average,fastANI,410
nhnw_bin.390.fa.gz,410_2,0.020000000000000018,average,fastANI,410
nhnw_bin.542.fa.gz,411_0,0.020000000000000018,average,fastANI,411
nhnw_bin.425.fa.gz,412_0,0.020000000000000018,average,fastANI,412
nhnw_bin.442.fa.gz,413_0,0.020000000000000018,average,fastANI,413
nhnw_bin.400.fa.gz,414_0,0.020000000000000018,average,fastANI,414
nhnw_bin.242.fa.gz,415_0,0.020000000000000018,average,fastANI,415
nhnw_bin.257.fa.gz,416_0,0.020000000000000018,average,fastANI,416
nhnw_bin.493.fa.gz,417_0,0.020000000000000018,average,fastANI,417
EHA04823_bin.67.fa.gz,418_0,0.020000000000000018,average,fastANI,418
nhnw_bin.219.fa.gz,419_0,0.020000000000000018,average,fastANI,419
nhnw_bin.251.fa.gz,420_0,0.020000000000000018,average,fastANI,420
nhnw_bin.416.fa.gz,421_0,0.020000000000000018,average,fastANI,421
nhnw_bin.484.fa.gz,422_0,0.020000000000000018,average,fastANI,422
nhnw_bin.130.fa.gz,423_0,0.020000000000000018,average,fastANI,423
nhnw_bin.498.fa.gz,424_0,0.020000000000000018,average,fastANI,424
nhnw_bin.586.fa.gz,425_0,0.020000000000000018,average,fastANI,425
nhnw_bin.190.fa.gz,426_0,0.020000000000000018,average,fastANI,426
nhnw_bin.600.fa.gz,427_0,0.020000000000000018,average,fastANI,427
nhnw_bin.46.fa.gz,428_0,0.020000000000000018,average,fastANI,428
nhnw_bin.383.fa.gz,429_0,0.020000000000000018,average,fastANI,429
nhnw_bin.384.fa.gz,430_0,0.020000000000000018,average,fastANI,430
nhnw_bin.476.fa.gz,431_0,0.020000000000000018,average,fastANI,431
nhnw_bin.588.fa.gz,432_0,0.020000000000000018,average,fastANI,432
nhnw_bin.180.fa.gz,433_0,0.020000000000000018,average,fastANI,433
nhnw_bin.468.fa.gz,434_0,0.020000000000000018,average,fastANI,434
nhnw_bin.386.fa.gz,435_0,0.020000000000000018,average,fastANI,435
nhnw_bin.446.fa.gz,436_0,0.020000000000000018,average,fastANI,436
nhnw_bin.146.fa.gz,437_0,0.020000000000000018,average,fastANI,437
EHA04750_bin.36.fa.gz,438_1,0.020000000000000018,average,fastANI,438
EHA04823_bin.269.fa.gz,438_2,0.020000000000000018,average,fastANI,438
EHA04815_bin.117.fa.gz,439_1,0.020000000000000018,average,fastANI,439
nhnw_bin.568.fa.gz,439_2,0.020000000000000018,average,fastANI,439
EHA04823_bin.47.fa.gz,439_3,0.020000000000000018,average,fastANI,439
EHA04749_bin.45.fa.gz,440_0,0.020000000000000018,average,fastANI,440
EHA04823_bin.154.fa.gz,441_1,0.020000000000000018,average,fastANI,441
nhnw_bin.79.fa.gz,441_1,0.020000000000000018,average,fastANI,441
nhnw_bin.230.fa.gz,442_0,0.020000000000000018,average,fastANI,442
nhnw_bin.238.fa.gz,443_0,0.020000000000000018,average,fastANI,443
nhnw_bin.559.fa.gz,444_0,0.020000000000000018,average,fastANI,444
nhnw_bin.478.fa.gz,445_0,0.020000000000000018,average,fastANI,445
nhnw_bin.161.fa.gz,446_0,0.020000000000000018,average,fastANI,446
nhnw_bin.65.fa.gz,447_0,0.020000000000000018,average,fastANI,447
nhnw_bin.597.fa.gz,448_0,0.020000000000000018,average,fastANI,448
nhnw_bin.222.fa.gz,449_0,0.020000000000000018,average,fastANI,449
EHA04749_bin.18.fa.gz,450_0,0.020000000000000018,average,fastANI,450
nhnw_bin.406.fa.gz,451_0,0.020000000000000018,average,fastANI,451
EHA04815_bin.74.fa.gz,452_0,0.020000000000000018,average,fastANI,452
nhnw_bin.357.fa.gz,453_0,0.020000000000000018,average,fastANI,453
EHA04815_bin.46.fa.gz,454_1,0.020000000000000018,average,fastANI,454
nhnw_bin.104.fa.gz,454_2,0.020000000000000018,average,fastANI,454
EHA04815_bin.112.fa.gz,455_0,0.020000000000000018,average,fastANI,455
nhnw_bin.137.fa.gz,456_0,0.020000000000000018,average,fastANI,456
nhnw_bin.305.fa.gz,457_0,0.020000000000000018,average,fastANI,457
nhnw_bin.8.fa.gz,458_0,0.020000000000000018,average,fastANI,458
nhnw_bin.330.fa.gz,459_0,0.020000000000000018,average,fastANI,459
nhnw_bin.533.fa.gz,460_0,0.020000000000000018,average,fastANI,460
nhnw_bin.132.fa.gz,461_0,0.020000000000000018,average,fastANI,461
nhnw_bin.573.fa.gz,462_0,0.020000000000000018,average,fastANI,462
EHA04823_bin.158.fa.gz,463_1,0.020000000000000018,average,fastANI,463
nhnw_bin.414.fa.gz,463_2,0.020000000000000018,average,fastANI,463
EHA04815_bin.184.fa.gz,463_3,0.020000000000000018,average,fastANI,463
EHA04823_bin.166.fa.gz,464_0,0.020000000000000018,average,fastANI,464
nhnw_bin.226.fa.gz,465_0,0.020000000000000018,average,fastANI,465
nhnw_bin.343.fa.gz,466_0,0.020000000000000018,average,fastANI,466
nhnw_bin.511.fa.gz,467_0,0.020000000000000018,average,fastANI,467
EHA04823_bin.254.fa.gz,468_1,0.020000000000000018,average,fastANI,468
nhnw_bin.124.fa.gz,468_2,0.020000000000000018,average,fastANI,468
nhnw_bin.401.fa.gz,469_0,0.020000000000000018,average,fastANI,469
nhnw_bin.224.fa.gz,470_0,0.020000000000000018,average,fastANI,470
EHA04815_bin.77.fa.gz,471_0,0.020000000000000018,average,fastANI,471
nhnw_bin.436.fa.gz,472_0,0.020000000000000018,average,fastANI,472
nhnw_bin.557.fa.gz,473_0,0.020000000000000018,average,fastANI,473
nhnw_bin.307.fa.gz,474_0,0.020000000000000018,average,fastANI,474
nhnw_bin.391.fa.gz,475_0,0.020000000000000018,average,fastANI,475
nhnw_bin.282.fa.gz,476_0,0.020000000000000018,average,fastANI,476
nhnw_bin.523.fa.gz,477_0,0.020000000000000018,average,fastANI,477
nhnw_bin.107.fa.gz,478_0,0.020000000000000018,average,fastANI,478
nhnw_bin.392.fa.gz,479_0,0.020000000000000018,average,fastANI,479
EHA04823_bin.223.fa.gz,480_0,0.020000000000000018,average,fastANI,480
EHA04823_bin.225.fa.gz,481_0,0.020000000000000018,average,fastANI,481
nhnw_bin.311.fa.gz,482_0,0.020000000000000018,average,fastANI,482
nhnw_bin.15.fa.gz,483_0,0.020000000000000018,average,fastANI,483
nhnw_bin.203.fa.gz,484_0,0.020000000000000018,average,fastANI,484
EHA04815_bin.152.fa.gz,485_0,0.020000000000000018,average,fastANI,485
EHA04823_bin.236.fa.gz,486_0,0.020000000000000018,average,fastANI,486
nhnw_bin.38.fa.gz,487_0,0.020000000000000018,average,fastANI,487
nhnw_bin.294.fa.gz,488_0,0.020000000000000018,average,fastANI,488
nhnw_bin.429.fa.gz,489_0,0.020000000000000018,average,fastANI,489
nhnw_bin.456.fa.gz,490_0,0.020000000000000018,average,fastANI,490
nhnw_bin.518.fa.gz,491_0,0.020000000000000018,average,fastANI,491
nhnw_bin.155.fa.gz,492_0,0.020000000000000018,average,fastANI,492
nhnw_bin.202.fa.gz,493_0,0.020000000000000018,average,fastANI,493
nhnw_bin.393.fa.gz,494_0,0.020000000000000018,average,fastANI,494
EHA04823_bin.248.fa.gz,495_0,0.020000000000000018,average,fastANI,495
nhnw_bin.467.fa.gz,496_0,0.020000000000000018,average,fastANI,496
nhnw_bin.486.fa.gz,497_0,0.020000000000000018,average,fastANI,497
EHA04744_bin.6.fa.gz,498_1,0.020000000000000018,average,fastANI,498
EHA04749_bin.20.fa.gz,498_2,0.020000000000000018,average,fastANI,498
EHA04815_bin.128.fa.gz,499_0,0.020000000000000018,average,fastANI,499
nhnw_bin.131.fa.gz,500_0,0.020000000000000018,average,fastANI,500
nhnw_bin.530.fa.gz,501_0,0.020000000000000018,average,fastANI,501
nhnw_bin.198.fa.gz,502_0,0.020000000000000018,average,fastANI,502
nhnw_bin.205.fa.gz,503_0,0.020000000000000018,average,fastANI,503
nhnw_bin.371.fa.gz,504_0,0.020000000000000018,average,fastANI,504
nhnw_bin.284.fa.gz,505_0,0.020000000000000018,average,fastANI,505
nhnw_bin.569.fa.gz,506_0,0.020000000000000018,average,fastANI,506
nhnw_bin.237.fa.gz,507_0,0.020000000000000018,average,fastANI,507
nhnw_bin.36.fa.gz,508_0,0.020000000000000018,average,fastANI,508
nhnw_bin.576.fa.gz,509_0,0.020000000000000018,average,fastANI,509
EHA04815_bin.119.fa.gz,510_0,0.020000000000000018,average,fastANI,510
nhnw_bin.496.fa.gz,511_0,0.020000000000000018,average,fastANI,511
EHA04823_bin.35.fa.gz,512_1,0.020000000000000018,average,fastANI,512
nhnw_bin.125.fa.gz,512_2,0.020000000000000018,average,fastANI,512
nhnw_bin.317.fa.gz,513_0,0.020000000000000018,average,fastANI,513
nhnw_bin.326.fa.gz,514_0,0.020000000000000018,average,fastANI,514
nhnw_bin.29.fa.gz,515_0,0.020000000000000018,average,fastANI,515
EHA04823_bin.45.fa.gz,516_1,0.020000000000000018,average,fastANI,516
nhnw_bin.320.fa.gz,516_2,0.020000000000000018,average,fastANI,516
EHA04815_bin.181.fa.gz,517_0,0.020000000000000018,average,fastANI,517
nhnw_bin.69.fa.gz,518_0,0.020000000000000018,average,fastANI,518
nhnw_bin.264.fa.gz,519_0,0.020000000000000018,average,fastANI,519
nhnw_bin.589.fa.gz,520_0,0.020000000000000018,average,fastANI,520
nhnw_bin.159.fa.gz,521_0,0.020000000000000018,average,fastANI,521
nhnw_bin.58.fa.gz,522_0,0.020000000000000018,average,fastANI,522
EHA04823_bin.18.fa.gz,523_0,0.020000000000000018,average,fastANI,523
nhnw_bin.27.fa.gz,524_0,0.020000000000000018,average,fastANI,524
EHA04823_bin.25.fa.gz,525_1,0.020000000000000018,average,fastANI,525
nhnw_bin.580.fa.gz,525_2,0.020000000000000018,average,fastANI,525
nhnw_bin.35.fa.gz,526_0,0.020000000000000018,average,fastANI,526
nhnw_bin.90.fa.gz,527_0,0.020000000000000018,average,fastANI,527
EHA04815_bin.114.fa.gz,528_0,0.020000000000000018,average,fastANI,528
EHA04815_bin.120.fa.gz,529_0,0.020000000000000018,average,fastANI,529
nhnw_bin.114.fa.gz,530_0,0.020000000000000018,average,fastANI,530
nhnw_bin.303.fa.gz,531_0,0.020000000000000018,average,fastANI,531
nhnw_bin.78.fa.gz,532_0,0.020000000000000018,average,fastANI,532
EHA04823_bin.148.fa.gz,533_1,0.020000000000000018,average,fastANI,533
nhnw_bin.173.fa.gz,533_2,0.020000000000000018,average,fastANI,533
EHA04815_bin.145.fa.gz,534_0,0.020000000000000018,average,fastANI,534
EHA04815_bin.144.fa.gz,535_0,0.020000000000000018,average,fastANI,535
nhnw_bin.540.fa.gz,536_0,0.020000000000000018,average,fastANI,536
EHA04823_bin.110.fa.gz,537_1,0.020000000000000018,average,fastANI,537
nhnw_bin.405.fa.gz,537_2,0.020000000000000018,average,fastANI,537
EHA04815_bin.32.fa.gz,538_0,0.020000000000000018,average,fastANI,538
nhnw_bin.571.fa.gz,539_0,0.020000000000000018,average,fastANI,539
EHA04815_bin.139.fa.gz,540_1,0.020000000000000018,average,fastANI,540
nhnw_bin.385.fa.gz,540_2,0.020000000000000018,average,fastANI,540
EHA04823_bin.79.fa.gz,540_3,0.020000000000000018,average,fastANI,540
EHA04815_bin.138.fa.gz,541_0,0.020000000000000018,average,fastANI,541
EHA04823_bin.156.fa.gz,542_0,0.020000000000000018,average,fastANI,542
EHA04823_bin.213.fa.gz,543_1,0.020000000000000018,average,fastANI,543
nhnw_bin.291.fa.gz,543_2,0.020000000000000018,average,fastANI,543
EHA04748_bin.12.fa.gz,544_0,0.020000000000000018,average,fastANI,544
EHA04823_bin.198.fa.gz,545_0,0.020000000000000018,average,fastANI,545
nhnw_bin.188.fa.gz,546_0,0.020000000000000018,average,fastANI,546
EHA04815_bin.192.fa.gz,547_0,0.020000000000000018,average,fastANI,547
nhnw_bin.217.fa.gz,548_0,0.020000000000000018,average,fastANI,548
nhnw_bin.214.fa.gz,549_0,0.020000000000000018,average,fastANI,549
EHA04823_bin.74.fa.gz,550_1,0.020000000000000018,average,fastANI,550
nhnw_bin.45.fa.gz,550_2,0.020000000000000018,average,fastANI,550
EHA04750_bin.22.fa.gz,551_0,0.020000000000000018,average,fastANI,551
EHA04815_bin.19.fa.gz,552_0,0.020000000000000018,average,fastANI,552
EHA04823_bin.114.fa.gz,553_0,0.020000000000000018,average,fastANI,553
EHA04815_bin.31.fa.gz,554_0,0.020000000000000018,average,fastANI,554
nhnw_bin.136.fa.gz,555_0,0.020000000000000018,average,fastANI,555
EHA04823_bin.170.fa.gz,556_1,0.020000000000000018,average,fastANI,556
nhnw_bin.54.fa.gz,556_2,0.020000000000000018,average,fastANI,556
EHA04815_bin.9.fa.gz,557_0,0.020000000000000018,average,fastANI,557
nhnw_bin.24.fa.gz,558_0,0.020000000000000018,average,fastANI,558
nhnw_bin.377.fa.gz,559_0,0.020000000000000018,average,fastANI,559
EHA04823_bin.91.fa.gz,560_0,0.020000000000000018,average,fastANI,560
nhnw_bin.423.fa.gz,561_0,0.020000000000000018,average,fastANI,561
EHA04747_bin.24.fa.gz,562_0,0.020000000000000018,average,fastANI,562
EHA04823_bin.54.fa.gz,563_0,0.020000000000000018,average,fastANI,563
EHA04744_bin.8.fa.gz,564_1,0.020000000000000018,average,fastANI,564
EHA04815_bin.134.fa.gz,564_1,0.020000000000000018,average,fastANI,564
nhnw_bin.49.fa.gz,565_0,0.020000000000000018,average,fastANI,565
EHA04815_bin.160.fa.gz,566_0,0.020000000000000018,average,fastANI,566
EHA04823_bin.22.fa.gz,567_0,0.020000000000000018,average,fastANI,567
EHA04823_bin.246.fa.gz,568_0,0.020000000000000018,average,fastANI,568
nhnw_bin.169.fa.gz,569_0,0.020000000000000018,average,fastANI,569
EHA04823_bin.56.fa.gz,570_0,0.020000000000000018,average,fastANI,570
nhnw_bin.99.fa.gz,571_0,0.020000000000000018,average,fastANI,571
EHA04815_bin.90.fa.gz,572_0,0.020000000000000018,average,fastANI,572
EHA04823_bin.253.fa.gz,573_0,0.020000000000000018,average,fastANI,573
nhnw_bin.487.fa.gz,574_0,0.020000000000000018,average,fastANI,574
nhnw_bin.235.fa.gz,575_0,0.020000000000000018,average,fastANI,575
nhnw_bin.96.fa.gz,576_0,0.020000000000000018,average,fastANI,576
EHA04823_bin.179.fa.gz,577_1,0.020000000000000018,average,fastANI,577
nhnw_bin.494.fa.gz,577_2,0.020000000000000018,average,fastANI,577
EHA04815_bin.65.fa.gz,578_0,0.020000000000000018,average,fastANI,578
nhnw_bin.363.fa.gz,579_0,0.020000000000000018,average,fastANI,579
nhnw_bin.584.fa.gz,580_0,0.020000000000000018,average,fastANI,580
nhnw_bin.110.fa.gz,581_0,0.020000000000000018,average,fastANI,581
nhnw_bin.115.fa.gz,582_0,0.020000000000000018,average,fastANI,582
nhnw_bin.183.fa.gz,583_0,0.020000000000000018,average,fastANI,583
nhnw_bin.85.fa.gz,584_0,0.020000000000000018,average,fastANI,584
nhnw_bin.53.fa.gz,585_0,0.020000000000000018,average,fastANI,585
EHA04823_bin.113.fa.gz,586_0,0.020000000000000018,average,fastANI,586
EHA04823_bin.169.fa.gz,587_0,0.020000000000000018,average,fastANI,587
EHA04823_bin.149.fa.gz,588_1,0.020000000000000018,average,fastANI,588
nhnw_bin.369.fa.gz,588_2,0.020000000000000018,average,fastANI,588
EHA04815_bin.115.fa.gz,589_0,0.020000000000000018,average,fastANI,589
EHA04815_bin.52.fa.gz,590_0,0.020000000000000018,average,fastANI,590
nhnw_bin.246.fa.gz,591_0,0.020000000000000018,average,fastANI,591
EHA04823_bin.150.fa.gz,592_0,0.020000000000000018,average,fastANI,592
EHA04823_bin.48.fa.gz,593_0,0.020000000000000018,average,fastANI,593
nhnw_bin.47.fa.gz,594_0,0.020000000000000018,average,fastANI,594
EHA04823_bin.201.fa.gz,595_0,0.020000000000000018,average,fastANI,595
EHA04823_bin.51.fa.gz,596_0,0.020000000000000018,average,fastANI,596
EHA04823_bin.202.fa.gz,597_0,0.020000000000000018,average,fastANI,597
EHA04815_bin.146.fa.gz,598_1,0.020000000000000018,average,fastANI,598
EHA04823_bin.199.fa.gz,598_2,0.020000000000000018,average,fastANI,598
EHA04815_bin.190.fa.gz,599_1,0.020000000000000018,average,fastANI,599
nhnw_bin.529.fa.gz,599_2,0.020000000000000018,average,fastANI,599
EHA04823_bin.217.fa.gz,600_0,0.020000000000000018,average,fastANI,600
nhnw_bin.292.fa.gz,601_0,0.020000000000000018,average,fastANI,601
EHA04815_bin.147.fa.gz,602_0,0.020000000000000018,average,fastANI,602
nhnw_bin.473.fa.gz,603_0,0.020000000000000018,average,fastANI,603
EHA04823_bin.200.fa.gz,604_0,0.020000000000000018,average,fastANI,604
nhnw_bin.341.fa.gz,605_0,0.020000000000000018,average,fastANI,605
nhnw_bin.463.fa.gz,606_0,0.020000000000000018,average,fastANI,606
nhnw_bin.403.fa.gz,607_0,0.020000000000000018,average,fastANI,607
nhnw_bin.421.fa.gz,608_0,0.020000000000000018,average,fastANI,608
EHA04815_bin.109.fa.gz,609_0,0.020000000000000018,average,fastANI,609
nhnw_bin.353.fa.gz,610_0,0.020000000000000018,average,fastANI,610
nhnw_bin.57.fa.gz,611_0,0.020000000000000018,average,fastANI,611
EHA04747_bin.9.fa.gz,612_1,0.020000000000000018,average,fastANI,612
EHA04815_bin.27.fa.gz,612_1,0.020000000000000018,average,fastANI,612
EHA04823_bin.59.fa.gz,613_0,0.020000000000000018,average,fastANI,613
nhnw_bin.325.fa.gz,614_0,0.020000000000000018,average,fastANI,614
nhnw_bin.209.fa.gz,615_0,0.020000000000000018,average,fastANI,615
nhnw_bin.71.fa.gz,616_0,0.020000000000000018,average,fastANI,616
EHA04748_bin.7.fa.gz,617_0,0.020000000000000018,average,fastANI,617
EHA04823_bin.276.fa.gz,618_0,0.020000000000000018,average,fastANI,618
EHA04823_bin.224.fa.gz,619_0,0.020000000000000018,average,fastANI,619
nhnw_bin.228.fa.gz,620_0,0.020000000000000018,average,fastANI,620
EHA04815_bin.141.fa.gz,621_0,0.020000000000000018,average,fastANI,621
EHA04749_bin.51.fa.gz,622_1,0.020000000000000018,average,fastANI,622
EHA04750_bin.40.fa.gz,622_2,0.020000000000000018,average,fastANI,622
EHA04815_bin.133.fa.gz,623_0,0.020000000000000018,average,fastANI,623
nhnw_bin.560.fa.gz,624_0,0.020000000000000018,average,fastANI,624
nhnw_bin.481.fa.gz,625_0,0.020000000000000018,average,fastANI,625
EHA04823_bin.271.fa.gz,626_0,0.020000000000000018,average,fastANI,626
EHA04823_bin.264.fa.gz,627_0,0.020000000000000018,average,fastANI,627
nhnw_bin.262.fa.gz,628_0,0.020000000000000018,average,fastANI,628
EHA04815_bin.76.fa.gz,629_0,0.020000000000000018,average,fastANI,629
EHA04823_bin.266.fa.gz,630_1,0.020000000000000018,average,fastANI,630
nhnw_bin.514.fa.gz,630_2,0.020000000000000018,average,fastANI,630
EHA04815_bin.105.fa.gz,631_0,0.020000000000000018,average,fastANI,631
nhnw_bin.244.fa.gz,632_0,0.020000000000000018,average,fastANI,632
nhnw_bin.7.fa.gz,633_0,0.020000000000000018,average,fastANI,633
nhnw_bin.261.fa.gz,634_0,0.020000000000000018,average,fastANI,634
EHA04815_bin.140.fa.gz,635_0,0.020000000000000018,average,fastANI,635
nhnw_bin.76.fa.gz,636_0,0.020000000000000018,average,fastANI,636
nhnw_bin.396.fa.gz,637_0,0.020000000000000018,average,fastANI,637
nhnw_bin.480.fa.gz,638_0,0.020000000000000018,average,fastANI,638
nhnw_bin.299.fa.gz,639_0,0.020000000000000018,average,fastANI,639
nhnw_bin.489.fa.gz,640_0,0.020000000000000018,average,fastANI,640
nhnw_bin.450.fa.gz,641_0,0.020000000000000018,average,fastANI,641
EHA04823_bin.203.fa.gz,642_0,0.020000000000000018,average,fastANI,642
nhnw_bin.314.fa.gz,643_0,0.020000000000000018,average,fastANI,643
nhnw_bin.431.fa.gz,644_0,0.020000000000000018,average,fastANI,644
nhnw_bin.475.fa.gz,645_0,0.020000000000000018,average,fastANI,645
nhnw_bin.21.fa.gz,646_0,0.020000000000000018,average,fastANI,646
EHA04823_bin.249.fa.gz,647_0,0.020000000000000018,average,fastANI,647
nhnw_bin.367.fa.gz,648_0,0.020000000000000018,average,fastANI,648
nhnw_bin.216.fa.gz,649_0,0.020000000000000018,average,fastANI,649
EHA04823_bin.243.fa.gz,650_0,0.020000000000000018,average,fastANI,650
nhnw_bin.196.fa.gz,651_0,0.020000000000000018,average,fastANI,651
EHA04823_bin.117.fa.gz,652_0,0.020000000000000018,average,fastANI,652
nhnw_bin.129.fa.gz,653_0,0.020000000000000018,average,fastANI,653
nhnw_bin.259.fa.gz,654_0,0.020000000000000018,average,fastANI,654
EHA04748_bin.17.fa.gz,655_0,0.020000000000000018,average,fastANI,655
EHA04823_bin.24.fa.gz,656_0,0.020000000000000018,average,fastANI,656
EHA04815_bin.170.fa.gz,657_0,0.020000000000000018,average,fastANI,657
nhnw_bin.379.fa.gz,658_0,0.020000000000000018,average,fastANI,658
EHA04823_bin.174.fa.gz,659_0,0.020000000000000018,average,fastANI,659
EHA04823_bin.189.fa.gz,660_0,0.020000000000000018,average,fastANI,660
EHA04823_bin.258.fa.gz,661_0,0.020000000000000018,average,fastANI,661
EHA04823_bin.277.fa.gz,662_0,0.020000000000000018,average,fastANI,662
EHA04823_bin.185.fa.gz,663_1,0.020000000000000018,average,fastANI,663
nhnw_bin.510.fa.gz,663_1,0.020000000000000018,average,fastANI,663
EHA04823_bin.71.fa.gz,664_0,0.020000000000000018,average,fastANI,664
EHA04823_bin.234.fa.gz,665_0,0.020000000000000018,average,fastANI,665
EHA04815_bin.154.fa.gz,666_0,0.020000000000000018,average,fastANI,666
EHA04823_bin.215.fa.gz,667_0,0.020000000000000018,average,fastANI,667
EHA04823_bin.265.fa.gz,668_0,0.020000000000000018,average,fastANI,668
nhnw_bin.147.fa.gz,669_0,0.020000000000000018,average,fastANI,669
nhnw_bin.195.fa.gz,670_0,0.020000000000000018,average,fastANI,670
nhnw_bin.462.fa.gz,671_0,0.020000000000000018,average,fastANI,671
nhnw_bin.469.fa.gz,672_0,0.020000000000000018,average,fastANI,672
EHA04815_bin.172.fa.gz,673_0,0.020000000000000018,average,fastANI,673
EHA04823_bin.191.fa.gz,674_0,0.020000000000000018,average,fastANI,674
EHA04823_bin.257.fa.gz,675_0,0.020000000000000018,average,fastANI,675
EHA04823_bin.245.fa.gz,676_0,0.020000000000000018,average,fastANI,676
nhnw_bin.408.fa.gz,677_0,0.020000000000000018,average,fastANI,677
EHA04823_bin.216.fa.gz,678_0,0.020000000000000018,average,fastANI,678
EHA04823_bin.244.fa.gz,679_0,0.020000000000000018,average,fastANI,679
nhnw_bin.572.fa.gz,680_0,0.020000000000000018,average,fastANI,680
nhnw_bin.64.fa.gz,681_0,0.020000000000000018,average,fastANI,681
EHA04823_bin.194.fa.gz,682_0,0.020000000000000018,average,fastANI,682
EHA04823_bin.220.fa.gz,683_0,0.020000000000000018,average,fastANI,683
EHA04823_bin.195.fa.gz,684_0,0.020000000000000018,average,fastANI,684
nhnw_bin.163.fa.gz,685_0,0.020000000000000018,average,fastANI,685
EHA04823_bin.151.fa.gz,686_0,0.020000000000000018,average,fastANI,686
EHA04823_bin.186.fa.gz,687_0,0.020000000000000018,average,fastANI,687
nhnw_bin.277.fa.gz,688_0,0.020000000000000018,average,fastANI,688
EHA04815_bin.155.fa.gz,689_0,0.020000000000000018,average,fastANI,689
EHA04823_bin.190.fa.gz,690_0,0.020000000000000018,average,fastANI,690
EHA04815_bin.201.fa.gz,691_0,0.020000000000000018,average,fastANI,691
nhnw_bin.453.fa.gz,692_0,0.020000000000000018,average,fastANI,692
nhnw_bin.449.fa.gz,693_0,0.020000000000000018,average,fastANI,693
nhnw_bin.220.fa.gz,694_0,0.020000000000000018,average,fastANI,694
nhnw_bin.582.fa.gz,695_0,0.020000000000000018,average,fastANI,695
nhnw_bin.338.fa.gz,696_0,0.020000000000000018,average,fastANI,696
nhnw_bin.483.fa.gz,697_0,0.020000000000000018,average,fastANI,697
nhnw_bin.275.fa.gz,698_0,0.020000000000000018,average,fastANI,698
nhnw_bin.492.fa.gz,699_0,0.020000000000000018,average,fastANI,699
EHA04823_bin.168.fa.gz,700_0,0.020000000000000018,average,fastANI,700
nhnw_bin.227.fa.gz,701_0,0.020000000000000018,average,fastANI,701
EHA04823_bin.242.fa.gz,702_0,0.020000000000000018,average,fastANI,702
nhnw_bin.524.fa.gz,703_0,0.020000000000000018,average,fastANI,703
EHA04823_bin.167.fa.gz,704_0,0.020000000000000018,average,fastANI,704
nhnw_bin.245.fa.gz,705_0,0.020000000000000018,average,fastANI,705
nhnw_bin.179.fa.gz,706_0,0.020000000000000018,average,fastANI,706
EHA04815_bin.130.fa.gz,707_0,0.020000000000000018,average,fastANI,707
EHA04815_bin.131.fa.gz,708_0,0.020000000000000018,average,fastANI,708
EHA04823_bin.141.fa.gz,709_0,0.020000000000000018,average,fastANI,709
nhnw_bin.189.fa.gz,710_0,0.020000000000000018,average,fastANI,710
EHA04815_bin.132.fa.gz,711_0,0.020000000000000018,average,fastANI,711
EHA04815_bin.51.fa.gz,712_0,0.020000000000000018,average,fastANI,712
nhnw_bin.422.fa.gz,713_0,0.020000000000000018,average,fastANI,713
EHA04823_bin.281.fa.gz,714_0,0.020000000000000018,average,fastANI,714
nhnw_bin.122.fa.gz,715_0,0.020000000000000018,average,fastANI,715
nhnw_bin.506.fa.gz,716_0,0.020000000000000018,average,fastANI,716
nhnw_bin.316.fa.gz,717_0,0.020000000000000018,average,fastANI,717
EHA04823_bin.109.fa.gz,718_1,0.020000000000000018,average,fastANI,718
nhnw_bin.519.fa.gz,718_2,0.020000000000000018,average,fastANI,718
nhnw_bin.333.fa.gz,719_0,0.020000000000000018,average,fastANI,719
EHA04823_bin.44.fa.gz,720_1,0.020000000000000018,average,fastANI,720
nhnw_bin.598.fa.gz,720_2,0.020000000000000018,average,fastANI,720
EHA04823_bin.38.fa.gz,721_1,0.020000000000000018,average,fastANI,721
nhnw_bin.399.fa.gz,721_2,0.020000000000000018,average,fastANI,721
EHA04815_bin.68.fa.gz,722_0,0.020000000000000018,average,fastANI,722
EHA04823_bin.233.fa.gz,723_1,0.020000000000000018,average,fastANI,723
nhnw_bin.304.fa.gz,723_2,0.020000000000000018,average,fastANI,723
nhnw_bin.381.fa.gz,724_0,0.020000000000000018,average,fastANI,724
nhnw_bin.213.fa.gz,725_0,0.020000000000000018,average,fastANI,725
nhnw_bin.74.fa.gz,726_0,0.020000000000000018,average,fastANI,726
EHA04823_bin.181.fa.gz,727_0,0.020000000000000018,average,fastANI,727
nhnw_bin.120.fa.gz,728_0,0.020000000000000018,average,fastANI,728
nhnw_bin.575.fa.gz,729_0,0.020000000000000018,average,fastANI,729
EHA04823_bin.221.fa.gz,730_0,0.020000000000000018,average,fastANI,730
nhnw_bin.451.fa.gz,731_0,0.020000000000000018,average,fastANI,731
EHA04823_bin.209.fa.gz,732_0,0.020000000000000018,average,fastANI,732
EHA04815_bin.171.fa.gz,733_0,0.020000000000000018,average,fastANI,733
EHA04823_bin.303.fa.gz,734_0,0.020000000000000018,average,fastANI,734
EHA04823_bin.187.fa.gz,735_0,0.020000000000000018,average,fastANI,735
nhnw_bin.207.fa.gz,736_0,0.020000000000000018,average,fastANI,736
EHA04823_bin.267.fa.gz,737_0,0.020000000000000018,average,fastANI,737
nhnw_bin.102.fa.gz,738_0,0.020000000000000018,average,fastANI,738
nhnw_bin.170.fa.gz,739_0,0.020000000000000018,average,fastANI,739
nhnw_bin.153.fa.gz,740_0,0.020000000000000018,average,fastANI,740
nhnw_bin.55.fa.gz,741_0,0.020000000000000018,average,fastANI,741
nhnw_bin.458.fa.gz,742_0,0.020000000000000018,average,fastANI,742
nhnw_bin.31.fa.gz,743_0,0.020000000000000018,average,fastANI,743
EHA04823_bin.39.fa.gz,744_1,0.020000000000000018,average,fastANI,744
nhnw_bin.20.fa.gz,744_2,0.020000000000000018,average,fastANI,744
EHA04750_bin.18.fa.gz,745_0,0.020000000000000018,average,fastANI,745
EHA04815_bin.158.fa.gz,746_0,0.020000000000000018,average,fastANI,746
nhnw_bin.218.fa.gz,747_0,0.020000000000000018,average,fastANI,747
EHA04823_bin.231.fa.gz,748_0,0.020000000000000018,average,fastANI,748
nhnw_bin.63.fa.gz,749_0,0.020000000000000018,average,fastANI,749
EHA04744_bin.40.fa.gz,750_0,0.020000000000000018,average,fastANI,750
EHA04823_bin.229.fa.gz,751_1,0.020000000000000018,average,fastANI,751
nhnw_bin.581.fa.gz,751_2,0.020000000000000018,average,fastANI,751
EHA04815_bin.176.fa.gz,752_0,0.020000000000000018,average,fastANI,752
nhnw_bin.298.fa.gz,753_0,0.020000000000000018,average,fastANI,753
nhnw_bin.488.fa.gz,754_0,0.020000000000000018,average,fastANI,754
EHA04823_bin.172.fa.gz,755_0,0.020000000000000018,average,fastANI,755
nhnw_bin.319.fa.gz,756_0,0.020000000000000018,average,fastANI,756
nhnw_bin.278.fa.gz,757_0,0.020000000000000018,average,fastANI,757
EHA04815_bin.179.fa.gz,758_0,0.020000000000000018,average,fastANI,758
nhnw_bin.221.fa.gz,759_0,0.020000000000000018,average,fastANI,759
EHA04750_bin.41.fa.gz,760_0,0.020000000000000018,average,fastANI,760
nhnw_bin.148.fa.gz,761_0,0.020000000000000018,average,fastANI,761
nhnw_bin.407.fa.gz,762_0,0.020000000000000018,average,fastANI,762
nhnw_bin.373.fa.gz,763_0,0.020000000000000018,average,fastANI,763
EHA04815_bin.129.fa.gz,764_0,0.020000000000000018,average,fastANI,764
EHA04823_bin.204.fa.gz,765_0,0.020000000000000018,average,fastANI,765
nhnw_bin.434.fa.gz,766_0,0.020000000000000018,average,fastANI,766
nhnw_bin.561.fa.gz,767_0,0.020000000000000018,average,fastANI,767
EHA04815_bin.26.fa.gz,768_0,0.020000000000000018,average,fastANI,768
nhnw_bin.331.fa.gz,769_0,0.020000000000000018,average,fastANI,769
EHA04747_bin.38.fa.gz,770_1,0.020000000000000018,average,fastANI,770
EHA04815_bin.93.fa.gz,770_1,0.020000000000000018,average,fastANI,770
EHA04823_bin.237.fa.gz,771_0,0.020000000000000018,average,fastANI,771
EHA04749_bin.28.fa.gz,772_0,0.020000000000000018,average,fastANI,772
nhnw_bin.340.fa.gz,773_0,0.020000000000000018,average,fastANI,773
EHA04823_bin.53.fa.gz,774_0,0.020000000000000018,average,fastANI,774
EHA04815_bin.177.fa.gz,775_0,0.020000000000000018,average,fastANI,775
EHA04823_bin.153.fa.gz,776_1,0.020000000000000018,average,fastANI,776
nhnw_bin.413.fa.gz,776_1,0.020000000000000018,average,fastANI,776
EHA04815_bin.148.fa.gz,776_2,0.020000000000000018,average,fastANI,776
EHA04823_bin.111.fa.gz,777_0,0.020000000000000018,average,fastANI,777
nhnw_bin.295.fa.gz,778_0,0.020000000000000018,average,fastANI,778
nhnw_bin.439.fa.gz,779_0,0.020000000000000018,average,fastANI,779
EHA04823_bin.69.fa.gz,780_1,0.020000000000000018,average,fastANI,780
nhnw_bin.123.fa.gz,780_2,0.020000000000000018,average,fastANI,780
EHA04815_bin.10.fa.gz,781_0,0.020000000000000018,average,fastANI,781
EHA04823_bin.116.fa.gz,782_1,0.020000000000000018,average,fastANI,782
nhnw_bin.433.fa.gz,782_2,0.020000000000000018,average,fastANI,782
EHA04823_bin.207.fa.gz,783_1,0.020000000000000018,average,fastANI,783
nhnw_bin.555.fa.gz,783_2,0.020000000000000018,average,fastANI,783
EHA04815_bin.58.fa.gz,784_0,0.020000000000000018,average,fastANI,784
EHA04815_bin.15.fa.gz,785_0,0.020000000000000018,average,fastANI,785
nhnw_bin.51.fa.gz,786_0,0.020000000000000018,average,fastANI,786
nhnw_bin.550.fa.gz,787_0,0.020000000000000018,average,fastANI,787
EHA04823_bin.82.fa.gz,788_1,0.020000000000000018,average,fastANI,788
nhnw_bin.97.fa.gz,788_2,0.020000000000000018,average,fastANI,788
EHA04815_bin.97.fa.gz,789_0,0.020000000000000018,average,fastANI,789
EHA04747_bin.21.fa.gz,790_0,0.020000000000000018,average,fastANI,790
EHA04815_bin.79.fa.gz,791_0,0.020000000000000018,average,fastANI,791
nhnw_bin.521.fa.gz,792_0,0.020000000000000018,average,fastANI,792
nhnw_bin.352.fa.gz,793_0,0.020000000000000018,average,fastANI,793
EHA04823_bin.256.fa.gz,794_1,0.020000000000000018,average,fastANI,794
nhnw_bin.208.fa.gz,794_2,0.020000000000000018,average,fastANI,794
nhnw_bin.143.fa.gz,795_0,0.020000000000000018,average,fastANI,795
EHA04823_bin.19.fa.gz,796_1,0.020000000000000018,average,fastANI,796
nhnw_bin.229.fa.gz,796_2,0.020000000000000018,average,fastANI,796
EHA04747_bin.37.fa.gz,797_0,0.020000000000000018,average,fastANI,797
EHA04815_bin.11.fa.gz,798_0,0.020000000000000018,average,fastANI,798
nhnw_bin.37.fa.gz,799_0,0.020000000000000018,average,fastANI,799
nhnw_bin.108.fa.gz,800_0,0.020000000000000018,average,fastANI,800
EHA04743_bin.38.fa.gz,801_0,0.020000000000000018,average,fastANI,801
EHA04815_bin.169.fa.gz,802_0,0.020000000000000018,average,fastANI,802
EHA04823_bin.122.fa.gz,803_1,0.020000000000000018,average,fastANI,803
nhnw_bin.368.fa.gz,803_2,0.020000000000000018,average,fastANI,803
nhnw_bin.192.fa.gz,804_0,0.020000000000000018,average,fastANI,804
nhnw_bin.225.fa.gz,805_0,0.020000000000000018,average,fastANI,805
EHA04823_bin.98.fa.gz,806_0,0.020000000000000018,average,fastANI,806
nhnw_bin.248.fa.gz,807_0,0.020000000000000018,average,fastANI,807
EHA04823_bin.208.fa.gz,808_1,0.020000000000000018,average,fastANI,808
nhnw_bin.19.fa.gz,808_2,0.020000000000000018,average,fastANI,808
nhnw_bin.52.fa.gz,809_0,0.020000000000000018,average,fastANI,809
EHA04815_bin.39.fa.gz,810_0,0.020000000000000018,average,fastANI,810
nhnw_bin.583.fa.gz,811_0,0.020000000000000018,average,fastANI,811
nhnw_bin.109.fa.gz,812_0,0.020000000000000018,average,fastANI,812
nhnw_bin.365.fa.gz,813_0,0.020000000000000018,average,fastANI,813
EHA04823_bin.102.fa.gz,814_0,0.020000000000000018,average,fastANI,814
nhnw_bin.94.fa.gz,815_0,0.020000000000000018,average,fastANI,815
EHA04815_bin.150.fa.gz,816_0,0.020000000000000018,average,fastANI,816
EHA04823_bin.135.fa.gz,817_0,0.020000000000000018,average,fastANI,817
EHA04823_bin.70.fa.gz,818_1,0.020000000000000018,average,fastANI,818
nhnw_bin.10.fa.gz,818_2,0.020000000000000018,average,fastANI,818
nhnw_bin.409.fa.gz,819_0,0.020000000000000018,average,fastANI,819
EHA04747_bin.49.fa.gz,820_0,0.020000000000000018,average,fastANI,820
EHA04749_bin.46.fa.gz,821_0,0.020000000000000018,average,fastANI,821
nhnw_bin.98.fa.gz,822_0,0.020000000000000018,average,fastANI,822
EHA04823_bin.165.fa.gz,823_0,0.020000000000000018,average,fastANI,823
nhnw_bin.345.fa.gz,824_0,0.020000000000000018,average,fastANI,824
EHA04815_bin.3.fa.gz,825_0,0.020000000000000018,average,fastANI,825
EHA04823_bin.15.fa.gz,826_0,0.020000000000000018,average,fastANI,826
nhnw_bin.212.fa.gz,827_0,0.020000000000000018,average,fastANI,827
nhnw_bin.411.fa.gz,828_0,0.020000000000000018,average,fastANI,828
EHA04823_bin.130.fa.gz,829_1,0.020000000000000018,average,fastANI,829
nhnw_bin.547.fa.gz,829_2,0.020000000000000018,average,fastANI,829
EHA04823_bin.8.fa.gz,830_0,0.020000000000000018,average,fastANI,830
nhnw_bin.265.fa.gz,831_0,0.020000000000000018,average,fastANI,831
EHA04815_bin.5.fa.gz,832_0,0.020000000000000018,average,fastANI,832
EHA04815_bin.42.fa.gz,833_0,0.020000000000000018,average,fastANI,833
EHA04823_bin.159.fa.gz,834_0,0.020000000000000018,average,fastANI,834
EHA04815_bin.59.fa.gz,835_0,0.020000000000000018,average,fastANI,835
nhnw_bin.516.fa.gz,836_0,0.020000000000000018,average,fastANI,836
nhnw_bin.80.fa.gz,837_0,0.020000000000000018,average,fastANI,837
nhnw_bin.113.fa.gz,838_0,0.020000000000000018,average,fastANI,838
EHA04815_bin.72.fa.gz,839_0,0.020000000000000018,average,fastANI,839
nhnw_bin.321.fa.gz,840_0,0.020000000000000018,average,fastANI,840
EHA04823_bin.43.fa.gz,841_1,0.020000000000000018,average,fastANI,841
nhnw_bin.18.fa.gz,841_2,0.020000000000000018,average,fastANI,841
EHA04815_bin.12.fa.gz,842_0,0.020000000000000018,average,fastANI,842
EHA04823_bin.104.fa.gz,843_0,0.020000000000000018,average,fastANI,843
nhnw_bin.272.fa.gz,844_0,0.020000000000000018,average,fastANI,844
nhnw_bin.372.fa.gz,845_0,0.020000000000000018,average,fastANI,845
nhnw_bin.578.fa.gz,846_0,0.020000000000000018,average,fastANI,846
EHA04823_bin.107.fa.gz,847_0,0.020000000000000018,average,fastANI,847
nhnw_bin.33.fa.gz,848_0,0.020000000000000018,average,fastANI,848
EHA04746_bin.18.fa.gz,849_0,0.020000000000000018,average,fastANI,849
EHA04815_bin.4.fa.gz,850_0,0.020000000000000018,average,fastANI,850
nhnw_bin.553.fa.gz,851_0,0.020000000000000018,average,fastANI,851
nhnw_bin.139.fa.gz,852_0,0.020000000000000018,average,fastANI,852
nhnw_bin.145.fa.gz,853_0,0.020000000000000018,average,fastANI,853
nhnw_bin.410.fa.gz,854_0,0.020000000000000018,average,fastANI,854
EHA04823_bin.13.fa.gz,855_1,0.020000000000000018,average,fastANI,855
nhnw_bin.370.fa.gz,855_2,0.020000000000000018,average,fastANI,855
EHA04823_bin.155.fa.gz,856_1,0.020000000000000018,average,fastANI,856
nhnw_bin.210.fa.gz,856_2,0.020000000000000018,average,fastANI,856
EHA04815_bin.37.fa.gz,857_0,0.020000000000000018,average,fastANI,857
EHA04823_bin.36.fa.gz,858_1,0.020000000000000018,average,fastANI,858
nhnw_bin.354.fa.gz,858_2,0.020000000000000018,average,fastANI,858
nhnw_bin.471.fa.gz,859_0,0.020000000000000018,average,fastANI,859
nhnw_bin.141.fa.gz,860_0,0.020000000000000018,average,fastANI,860
nhnw_bin.412.fa.gz,861_0,0.020000000000000018,average,fastANI,861
nhnw_bin.500.fa.gz,862_0,0.020000000000000018,average,fastANI,862
nhnw_bin.11.fa.gz,863_0,0.020000000000000018,average,fastANI,863
nhnw_bin.135.fa.gz,864_0,0.020000000000000018,average,fastANI,864
nhnw_bin.3.fa.gz,865_0,0.020000000000000018,average,fastANI,865
EHA04815_bin.164.fa.gz,866_0,0.020000000000000018,average,fastANI,866
nhnw_bin.178.fa.gz,867_0,0.020000000000000018,average,fastANI,867
nhnw_bin.105.fa.gz,868_0,0.020000000000000018,average,fastANI,868
nhnw_bin.443.fa.gz,869_0,0.020000000000000018,average,fastANI,869
EHA04748_bin.40.fa.gz,870_0,0.020000000000000018,average,fastANI,870
nhnw_bin.32.fa.gz,871_0,0.020000000000000018,average,fastANI,871
EHA04823_bin.230.fa.gz,872_0,0.020000000000000018,average,fastANI,872
nhnw_bin.70.fa.gz,873_0,0.020000000000000018,average,fastANI,873
nhnw_bin.157.fa.gz,874_0,0.020000000000000018,average,fastANI,874
nhnw_bin.302.fa.gz,875_0,0.020000000000000018,average,fastANI,875
nhnw_bin.394.fa.gz,876_0,0.020000000000000018,average,fastANI,876
nhnw_bin.150.fa.gz,877_0,0.020000000000000018,average,fastANI,877
nhnw_bin.602.fa.gz,878_0,0.020000000000000018,average,fastANI,878
nhnw_bin.474.fa.gz,879_0,0.020000000000000018,average,fastANI,879
nhnw_bin.322.fa.gz,880_0,0.020000000000000018,average,fastANI,880
nhnw_bin.545.fa.gz,881_0,0.020000000000000018,average,fastANI,881
EHA04823_bin.73.fa.gz,882_0,0.020000000000000018,average,fastANI,882
nhnw_bin.397.fa.gz,883_0,0.020000000000000018,average,fastANI,883
nhnw_bin.554.fa.gz,884_0,0.020000000000000018,average,fastANI,884
EHA04823_bin.75.fa.gz,885_0,0.020000000000000018,average,fastANI,885
nhnw_bin.22.fa.gz,886_0,0.020000000000000018,average,fastANI,886
nhnw_bin.327.fa.gz,887_0,0.020000000000000018,average,fastANI,887
EHA04823_bin.252.fa.gz,888_0,0.020000000000000018,average,fastANI,888
nhnw_bin.243.fa.gz,889_0,0.020000000000000018,average,fastANI,889
EHA04823_bin.103.fa.gz,890_0,0.020000000000000018,average,fastANI,890
nhnw_bin.162.fa.gz,891_0,0.020000000000000018,average,fastANI,891
EHA04823_bin.57.fa.gz,892_1,0.020000000000000018,average,fastANI,892
nhnw_bin.382.fa.gz,892_2,0.020000000000000018,average,fastANI,892
EHA04749_bin.26.fa.gz,893_0,0.020000000000000018,average,fastANI,893
EHA04747_bin.2.fa.gz,894_0,0.020000000000000018,average,fastANI,894
EHA04823_bin.160.fa.gz,895_0,0.020000000000000018,average,fastANI,895
nhnw_bin.539.fa.gz,896_0,0.020000000000000018,average,fastANI,896
EHA04747_bin.16.fa.gz,897_0,0.020000000000000018,average,fastANI,897
nhnw_bin.23.fa.gz,898_0,0.020000000000000018,average,fastANI,898
EHA04823_bin.41.fa.gz,899_1,0.020000000000000018,average,fastANI,899
nhnw_bin.126.fa.gz,899_2,0.020000000000000018,average,fastANI,899
nhnw_bin.73.fa.gz,900_0,0.020000000000000018,average,fastANI,900
