genome,score,completeness,contamination,strain_heterogeneity,size,N50,cluster,taxonomy,tax_confidence,cluster_members,closest_cluster_member,furthest_cluster_member,completeness_metric,contamination_metric
nhnw_bin.236.fa.gz,70.8816465957991,NA,NA,NA,NA,NA,1_0,NA,NA,1,NA,NA,NA,NA
nhnw_bin.255.fa.gz,66.23999700006087,NA,NA,NA,NA,NA,2_0,NA,NA,1,NA,NA,NA,NA
EHA04823_bin.9.fa.gz,80.91518347684081,NA,NA,NA,NA,NA,3_0,NA,NA,1,NA,NA,NA,NA
EHA04823_bin.142.fa.gz,93.73993185698392,NA,NA,NA,NA,NA,4_1,NA,NA,1,NA,NA,NA,NA
nhnw_bin.16.fa.gz,93.11996120206476,NA,NA,NA,NA,NA,4_2,NA,NA,1,NA,NA,NA,NA
EHA04815_bin.24.fa.gz,96.67325928080862,NA,NA,NA,NA,NA,5_0,NA,NA,1,NA,NA,NA,NA
EHA04823_bin.238.fa.gz,51.336767147262506,NA,NA,NA,NA,NA,6_1,NA,NA,1,NA,NA,NA,NA
nhnw_bin.591.fa.gz,53.96793676410391,NA,NA,NA,NA,NA,6_2,NA,NA,1,NA,NA,NA,NA
EHA04815_bin.166.fa.gz,100.46974264507938,NA,NA,NA,NA,NA,7_0,NA,NA,1,NA,NA,NA,NA
nhnw_bin.512.fa.gz,92.65226735970296,NA,NA,NA,NA,NA,8_0,NA,NA,1,NA,NA,NA,NA
EHA04823_bin.88.fa.gz,88.16814495059567,NA,NA,NA,NA,NA,9_0,NA,NA,1,NA,NA,NA,NA
EHA04823_bin.42.fa.gz,94.5714744146722,NA,NA,NA,NA,NA,10_1,NA,NA,1,NA,NA,NA,NA
nhnw_bin.12.fa.gz,93.32789932848692,NA,NA,NA,NA,NA,10_2,NA,NA,1,NA,NA,NA,NA
nhnw_bin.239.fa.gz,65.47145667832143,NA,NA,NA,NA,NA,11_0,NA,NA,1,NA,NA,NA,NA
EHA04823_bin.112.fa.gz,79.32976507747404,NA,NA,NA,NA,NA,12_1,NA,NA,1,NA,NA,NA,NA
nhnw_bin.420.fa.gz,84.9481336856707,NA,NA,NA,NA,NA,12_2,NA,NA,1,NA,NA,NA,NA
EHA04823_bin.60.fa.gz,95.36759033670332,NA,NA,NA,NA,NA,13_0,NA,NA,1,NA,NA,NA,NA
EHA04815_bin.35.fa.gz,93.31932272846888,NA,NA,NA,NA,NA,14_0,NA,NA,1,NA,NA,NA,NA
EHA04815_bin.101.fa.gz,96.32078909269404,NA,NA,NA,NA,NA,15_0,NA,NA,1,NA,NA,NA,NA
EHA04823_bin.128.fa.gz,96.76638019451342,NA,NA,NA,NA,NA,16_0,NA,NA,1,NA,NA,NA,NA
EHA04815_bin.89.fa.gz,62.369834602816034,NA,NA,NA,NA,NA,17_0,NA,NA,1,NA,NA,NA,NA
nhnw_bin.448.fa.gz,80.63156856574149,NA,NA,NA,NA,NA,18_0,NA,NA,1,NA,NA,NA,NA
EHA04823_bin.274.fa.gz,98.11147268038616,NA,NA,NA,NA,NA,19_1,NA,NA,1,NA,NA,NA,NA
nhnw_bin.534.fa.gz,79.54621607481508,NA,NA,NA,NA,NA,19_2,NA,NA,1,NA,NA,NA,NA
nhnw_bin.39.fa.gz,86.24300559550942,NA,NA,NA,NA,NA,20_0,NA,NA,1,NA,NA,NA,NA
nhnw_bin.497.fa.gz,85.35715492207063,NA,NA,NA,NA,NA,21_0,NA,NA,1,NA,NA,NA,NA
EHA04823_bin.84.fa.gz,78.26573945852113,NA,NA,NA,NA,NA,22_0,NA,NA,1,NA,NA,NA,NA
nhnw_bin.482.fa.gz,59.95148158408363,NA,NA,NA,NA,NA,23_0,NA,NA,1,NA,NA,NA,NA
nhnw_bin.419.fa.gz,100.728001161627,NA,NA,NA,NA,NA,24_0,NA,NA,1,NA,NA,NA,NA
nhnw_bin.585.fa.gz,67.56639784914466,NA,NA,NA,NA,NA,25_0,NA,NA,1,NA,NA,NA,NA
EHA04815_bin.102.fa.gz,99.88533282084153,NA,NA,NA,NA,NA,26_0,NA,NA,1,NA,NA,NA,NA
EHA04823_bin.132.fa.gz,68.08051947438608,NA,NA,NA,NA,NA,27_0,NA,NA,1,NA,NA,NA,NA
nhnw_bin.106.fa.gz,64.10272875072592,NA,NA,NA,NA,NA,28_0,NA,NA,1,NA,NA,NA,NA
nhnw_bin.168.fa.gz,41.78911023655434,NA,NA,NA,NA,NA,29_0,NA,NA,1,NA,NA,NA,NA
nhnw_bin.30.fa.gz,82.81468515908955,NA,NA,NA,NA,NA,30_0,NA,NA,1,NA,NA,NA,NA
nhnw_bin.48.fa.gz,76.189156908612,NA,NA,NA,NA,NA,31_0,NA,NA,1,NA,NA,NA,NA
EHA04823_bin.64.fa.gz,65.58361999975283,NA,NA,NA,NA,NA,32_1,NA,NA,1,NA,NA,NA,NA
nhnw_bin.477.fa.gz,64.62422593127519,NA,NA,NA,NA,NA,32_2,NA,NA,1,NA,NA,NA,NA
nhnw_bin.258.fa.gz,85.82091245366443,NA,NA,NA,NA,NA,33_0,NA,NA,1,NA,NA,NA,NA
nhnw_bin.308.fa.gz,68.11545641009538,NA,NA,NA,NA,NA,34_0,NA,NA,1,NA,NA,NA,NA
EHA04815_bin.16.fa.gz,81.60984254545454,NA,NA,NA,NA,NA,35_0,NA,NA,1,NA,NA,NA,NA
nhnw_bin.231.fa.gz,88.9118126074863,NA,NA,NA,NA,NA,36_0,NA,NA,1,NA,NA,NA,NA
EHA04815_bin.41.fa.gz,79.09123469294201,NA,NA,NA,NA,NA,37_0,NA,NA,1,NA,NA,NA,NA
nhnw_bin.81.fa.gz,83.34831519909069,NA,NA,NA,NA,NA,38_0,NA,NA,1,NA,NA,NA,NA
EHA04823_bin.2.fa.gz,49.32080178056097,NA,NA,NA,NA,NA,39_1,NA,NA,1,NA,NA,NA,NA
nhnw_bin.526.fa.gz,86.36066637818094,NA,NA,NA,NA,NA,39_2,NA,NA,1,NA,NA,NA,NA
EHA04823_bin.119.fa.gz,95.78206818829628,NA,NA,NA,NA,NA,40_0,NA,NA,1,NA,NA,NA,NA
nhnw_bin.502.fa.gz,85.57071054703323,NA,NA,NA,NA,NA,41_0,NA,NA,1,NA,NA,NA,NA
nhnw_bin.536.fa.gz,88.05086333220689,NA,NA,NA,NA,NA,42_0,NA,NA,1,NA,NA,NA,NA
EHA04747_bin.7.fa.gz,99.92052404583532,NA,NA,NA,NA,NA,43_1,NA,NA,1,NA,NA,NA,NA
EHA04749_bin.1.fa.gz,86.41649311679718,NA,NA,NA,NA,NA,43_2,NA,NA,1,NA,NA,NA,NA
EHA04823_bin.226.fa.gz,97.39973356549476,NA,NA,NA,NA,NA,44_0,NA,NA,1,NA,NA,NA,NA
EHA04823_bin.163.fa.gz,66.79779213315562,NA,NA,NA,NA,NA,45_0,NA,NA,1,NA,NA,NA,NA
EHA04815_bin.108.fa.gz,73.03845784047263,NA,NA,NA,NA,NA,46_0,NA,NA,1,NA,NA,NA,NA
nhnw_bin.241.fa.gz,83.47064048642898,NA,NA,NA,NA,NA,47_0,NA,NA,1,NA,NA,NA,NA
EHA04823_bin.126.fa.gz,81.2978983968024,NA,NA,NA,NA,NA,48_1,NA,NA,1,NA,NA,NA,NA
nhnw_bin.508.fa.gz,99.29284365672126,NA,NA,NA,NA,NA,48_2,NA,NA,1,NA,NA,NA,NA
nhnw_bin.490.fa.gz,86.19163515517286,NA,NA,NA,NA,NA,49_0,NA,NA,1,NA,NA,NA,NA
EHA04823_bin.144.fa.gz,88.60584041607115,NA,NA,NA,NA,NA,50_1,NA,NA,1,NA,NA,NA,NA
nhnw_bin.87.fa.gz,92.6831959338053,NA,NA,NA,NA,NA,50_2,NA,NA,1,NA,NA,NA,NA
EHA04815_bin.82.fa.gz,64.58240677169705,NA,NA,NA,NA,NA,51_1,NA,NA,1,NA,NA,NA,NA
EHA04823_bin.106.fa.gz,57.85968746231313,NA,NA,NA,NA,NA,51_2,NA,NA,1,NA,NA,NA,NA
EHA04823_bin.63.fa.gz,91.9970904905201,NA,NA,NA,NA,NA,52_0,NA,NA,1,NA,NA,NA,NA
nhnw_bin.535.fa.gz,78.82801705112752,NA,NA,NA,NA,NA,53_0,NA,NA,1,NA,NA,NA,NA
EHA04823_bin.127.fa.gz,78.1752516561489,NA,NA,NA,NA,NA,54_0,NA,NA,1,NA,NA,NA,NA
nhnw_bin.376.fa.gz,97.46372706692678,NA,NA,NA,NA,NA,55_0,NA,NA,1,NA,NA,NA,NA
nhnw_bin.140.fa.gz,79.60744893299552,NA,NA,NA,NA,NA,56_0,NA,NA,1,NA,NA,NA,NA
EHA04823_bin.164.fa.gz,99.57930066217736,NA,NA,NA,NA,NA,57_1,NA,NA,1,NA,NA,NA,NA
nhnw_bin.186.fa.gz,63.51410071861374,NA,NA,NA,NA,NA,57_2,NA,NA,1,NA,NA,NA,NA
EHA04747_bin.30.fa.gz,98.30177210597282,NA,NA,NA,NA,NA,58_0,NA,NA,1,NA,NA,NA,NA
EHA04749_bin.30.fa.gz,97.98924600873248,NA,NA,NA,NA,NA,59_0,NA,NA,1,NA,NA,NA,NA
nhnw_bin.590.fa.gz,97.77650027264671,NA,NA,NA,NA,NA,60_0,NA,NA,1,NA,NA,NA,NA
EHA04823_bin.241.fa.gz,74.65541988930826,NA,NA,NA,NA,NA,61_1,NA,NA,1,NA,NA,NA,NA
nhnw_bin.378.fa.gz,72.31672056648884,NA,NA,NA,NA,NA,61_2,NA,NA,1,NA,NA,NA,NA
EHA04815_bin.13.fa.gz,77.74660057117818,NA,NA,NA,NA,NA,62_0,NA,NA,1,NA,NA,NA,NA
nhnw_bin.160.fa.gz,83.7193223884439,NA,NA,NA,NA,NA,63_1,NA,NA,1,NA,NA,NA,NA
nhnw_bin.427.fa.gz,80.70921301273356,NA,NA,NA,NA,NA,63_2,NA,NA,1,NA,NA,NA,NA
EHA04815_bin.211.fa.gz,95.74208706940352,NA,NA,NA,NA,NA,64_0,NA,NA,1,NA,NA,NA,NA
nhnw_bin.200.fa.gz,95.85001884711096,NA,NA,NA,NA,NA,65_0,NA,NA,1,NA,NA,NA,NA
nhnw_bin.62.fa.gz,80.47561999893016,NA,NA,NA,NA,NA,66_0,NA,NA,1,NA,NA,NA,NA
nhnw_bin.552.fa.gz,51.90802656232594,NA,NA,NA,NA,NA,67_0,NA,NA,1,NA,NA,NA,NA
nhnw_bin.201.fa.gz,87.67589970579779,NA,NA,NA,NA,NA,68_0,NA,NA,1,NA,NA,NA,NA
nhnw_bin.254.fa.gz,78.86854156015792,NA,NA,NA,NA,NA,69_0,NA,NA,1,NA,NA,NA,NA
nhnw_bin.347.fa.gz,80.11088773359172,NA,NA,NA,NA,NA,70_0,NA,NA,1,NA,NA,NA,NA
EHA04823_bin.302.fa.gz,91.7785623131517,NA,NA,NA,NA,NA,71_0,NA,NA,1,NA,NA,NA,NA
nhnw_bin.93.fa.gz,73.78463587653653,NA,NA,NA,NA,NA,72_0,NA,NA,1,NA,NA,NA,NA
nhnw_bin.271.fa.gz,81.3080615015972,NA,NA,NA,NA,NA,73_0,NA,NA,1,NA,NA,NA,NA
nhnw_bin.233.fa.gz,62.32948365418228,NA,NA,NA,NA,NA,74_0,NA,NA,1,NA,NA,NA,NA
EHA04823_bin.279.fa.gz,78.00269170490074,NA,NA,NA,NA,NA,75_1,NA,NA,1,NA,NA,NA,NA
nhnw_bin.564.fa.gz,51.29843782969561,NA,NA,NA,NA,NA,75_2,NA,NA,1,NA,NA,NA,NA
nhnw_bin.138.fa.gz,68.20008264227157,NA,NA,NA,NA,NA,76_0,NA,NA,1,NA,NA,NA,NA
nhnw_bin.142.fa.gz,71.09826768694789,NA,NA,NA,NA,NA,77_0,NA,NA,1,NA,NA,NA,NA
nhnw_bin.428.fa.gz,68.11000215340417,NA,NA,NA,NA,NA,78_0,NA,NA,1,NA,NA,NA,NA
nhnw_bin.447.fa.gz,80.29456306539252,NA,NA,NA,NA,NA,79_0,NA,NA,1,NA,NA,NA,NA
nhnw_bin.176.fa.gz,100.69551493223904,NA,NA,NA,NA,NA,80_0,NA,NA,1,NA,NA,NA,NA
nhnw_bin.415.fa.gz,84.02196340209674,NA,NA,NA,NA,NA,81_0,NA,NA,1,NA,NA,NA,NA
nhnw_bin.528.fa.gz,65.54344681208386,NA,NA,NA,NA,NA,82_0,NA,NA,1,NA,NA,NA,NA
nhnw_bin.267.fa.gz,97.38072329639796,NA,NA,NA,NA,NA,83_0,NA,NA,1,NA,NA,NA,NA
nhnw_bin.375.fa.gz,84.7097349186335,NA,NA,NA,NA,NA,84_0,NA,NA,1,NA,NA,NA,NA
EHA04823_bin.6.fa.gz,78.34208806619516,NA,NA,NA,NA,NA,85_0,NA,NA,1,NA,NA,NA,NA
nhnw_bin.6.fa.gz,33.07281041250175,NA,NA,NA,NA,NA,86_0,NA,NA,1,NA,NA,NA,NA
nhnw_bin.445.fa.gz,95.07376916525642,NA,NA,NA,NA,NA,87_0,NA,NA,1,NA,NA,NA,NA
EHA04823_bin.76.fa.gz,92.06540650525623,NA,NA,NA,NA,NA,88_0,NA,NA,1,NA,NA,NA,NA
EHA04743_bin.36.fa.gz,96.16085164412222,NA,NA,NA,NA,NA,89_0,NA,NA,1,NA,NA,NA,NA
EHA04815_bin.121.fa.gz,91.56112008314486,NA,NA,NA,NA,NA,90_0,NA,NA,1,NA,NA,NA,NA
EHA04747_bin.4.fa.gz,81.80948191535181,NA,NA,NA,NA,NA,91_0,NA,NA,1,NA,NA,NA,NA
nhnw_bin.187.fa.gz,69.22415602134866,NA,NA,NA,NA,NA,92_0,NA,NA,1,NA,NA,NA,NA
nhnw_bin.587.fa.gz,77.92130850037314,NA,NA,NA,NA,NA,93_0,NA,NA,1,NA,NA,NA,NA
nhnw_bin.121.fa.gz,95.9160379718999,NA,NA,NA,NA,NA,94_0,NA,NA,1,NA,NA,NA,NA
nhnw_bin.435.fa.gz,69.6550678759352,NA,NA,NA,NA,NA,95_0,NA,NA,1,NA,NA,NA,NA
EHA04815_bin.55.fa.gz,70.23483034915272,NA,NA,NA,NA,NA,96_0,NA,NA,1,NA,NA,NA,NA
nhnw_bin.273.fa.gz,94.58450461991168,NA,NA,NA,NA,NA,97_0,NA,NA,1,NA,NA,NA,NA
nhnw_bin.472.fa.gz,94.73228892578628,NA,NA,NA,NA,NA,98_0,NA,NA,1,NA,NA,NA,NA
EHA04815_bin.78.fa.gz,95.40381495043567,NA,NA,NA,NA,NA,99_1,NA,NA,1,NA,NA,NA,NA
EHA04823_bin.123.fa.gz,95.04792218299222,NA,NA,NA,NA,NA,99_2,NA,NA,1,NA,NA,NA,NA
EHA04823_bin.152.fa.gz,90.94297459745512,NA,NA,NA,NA,NA,100_1,NA,NA,1,NA,NA,NA,NA
nhnw_bin.177.fa.gz,94.09812485302596,NA,NA,NA,NA,NA,100_2,NA,NA,1,NA,NA,NA,NA
nhnw_bin.43.fa.gz,68.97718330518047,NA,NA,NA,NA,NA,101_0,NA,NA,1,NA,NA,NA,NA
nhnw_bin.342.fa.gz,94.06162219084092,NA,NA,NA,NA,NA,102_1,NA,NA,2,98.72,98.72,NA,NA
EHA04815_bin.1.fa.gz,98.4887087908834,NA,NA,NA,NA,NA,103_0,NA,NA,1,NA,NA,NA,NA
nhnw_bin.117.fa.gz,90.65184051947764,NA,NA,NA,NA,NA,104_0,NA,NA,1,NA,NA,NA,NA
EHA04823_bin.68.fa.gz,83.24122239595913,NA,NA,NA,NA,NA,105_0,NA,NA,1,NA,NA,NA,NA
nhnw_bin.398.fa.gz,94.03313449213002,NA,NA,NA,NA,NA,106_0,NA,NA,1,NA,NA,NA,NA
nhnw_bin.164.fa.gz,83.30548399766661,NA,NA,NA,NA,NA,107_0,NA,NA,1,NA,NA,NA,NA
nhnw_bin.549.fa.gz,90.76586174274064,NA,NA,NA,NA,NA,108_0,NA,NA,1,NA,NA,NA,NA
nhnw_bin.193.fa.gz,78.93295063400474,NA,NA,NA,NA,NA,109_0,NA,NA,1,NA,NA,NA,NA
nhnw_bin.388.fa.gz,51.72426326360266,NA,NA,NA,NA,NA,110_0,NA,NA,1,NA,NA,NA,NA
nhnw_bin.595.fa.gz,76.90937048034144,NA,NA,NA,NA,NA,111_0,NA,NA,1,NA,NA,NA,NA
nhnw_bin.26.fa.gz,94.83511488874107,NA,NA,NA,NA,NA,112_0,NA,NA,1,NA,NA,NA,NA
EHA04815_bin.57.fa.gz,74.34839523017584,NA,NA,NA,NA,NA,113_0,NA,NA,1,NA,NA,NA,NA
nhnw_bin.351.fa.gz,69.57035132985973,NA,NA,NA,NA,NA,114_0,NA,NA,1,NA,NA,NA,NA
nhnw_bin.358.fa.gz,91.34191552756384,NA,NA,NA,NA,NA,115_0,NA,NA,1,NA,NA,NA,NA
EHA04823_bin.66.fa.gz,87.71147492440707,NA,NA,NA,NA,NA,116_1,NA,NA,1,NA,NA,NA,NA
nhnw_bin.152.fa.gz,94.73371856547551,NA,NA,NA,NA,NA,116_2,NA,NA,1,NA,NA,NA,NA
EHA04815_bin.143.fa.gz,61.85085149197887,NA,NA,NA,NA,NA,117_0,NA,NA,1,NA,NA,NA,NA
nhnw_bin.167.fa.gz,71.41395984265868,NA,NA,NA,NA,NA,118_0,NA,NA,1,NA,NA,NA,NA
nhnw_bin.570.fa.gz,92.38615746217424,NA,NA,NA,NA,NA,119_0,NA,NA,1,NA,NA,NA,NA
nhnw_bin.301.fa.gz,89.30059071464721,NA,NA,NA,NA,NA,120_0,NA,NA,1,NA,NA,NA,NA
EHA04815_bin.61.fa.gz,87.38404883574343,NA,NA,NA,NA,NA,121_0,NA,NA,1,NA,NA,NA,NA
nhnw_bin.460.fa.gz,77.93564769676334,NA,NA,NA,NA,NA,122_0,NA,NA,1,NA,NA,NA,NA
nhnw_bin.517.fa.gz,75.53784335434969,NA,NA,NA,NA,NA,123_0,NA,NA,1,NA,NA,NA,NA
EHA04823_bin.146.fa.gz,89.46240381451308,NA,NA,NA,NA,NA,124_1,NA,NA,1,NA,NA,NA,NA
nhnw_bin.562.fa.gz,74.02291174915273,NA,NA,NA,NA,NA,124_2,NA,NA,1,NA,NA,NA,NA
EHA04743_bin.42.fa.gz,33.449564653870986,NA,NA,NA,NA,NA,125_1,NA,NA,1,NA,NA,NA,NA
EHA04750_bin.38.fa.gz,79.17394378297635,NA,NA,NA,NA,NA,125_2,NA,NA,1,NA,NA,NA,NA
EHA04748_bin.50.fa.gz,55.44250560728928,NA,NA,NA,NA,NA,125_3,NA,NA,1,NA,NA,NA,NA
EHA04747_bin.43.fa.gz,53.83728445201709,NA,NA,NA,NA,NA,125_4,NA,NA,1,NA,NA,NA,NA
EHA04815_bin.182.fa.gz,94.44232898602392,NA,NA,NA,NA,NA,126_1,NA,NA,1,NA,NA,NA,NA
EHA04823_bin.299.fa.gz,54.806812036795726,NA,NA,NA,NA,NA,126_2,NA,NA,1,NA,NA,NA,NA
EHA04823_bin.282.fa.gz,87.8844234111632,NA,NA,NA,NA,NA,127_0,NA,NA,1,NA,NA,NA,NA
EHA04823_bin.184.fa.gz,84.13588416208576,NA,NA,NA,NA,NA,128_1,NA,NA,1,NA,NA,NA,NA
nhnw_bin.75.fa.gz,73.37463383321658,NA,NA,NA,NA,NA,128_2,NA,NA,1,NA,NA,NA,NA
nhnw_bin.199.fa.gz,89.52216079912174,NA,NA,NA,NA,NA,129_0,NA,NA,1,NA,NA,NA,NA
nhnw_bin.537.fa.gz,89.84567338206742,NA,NA,NA,NA,NA,130_0,NA,NA,1,NA,NA,NA,NA
nhnw_bin.247.fa.gz,74.79316961625625,NA,NA,NA,NA,NA,131_0,NA,NA,1,NA,NA,NA,NA
nhnw_bin.364.fa.gz,89.04696860313723,NA,NA,NA,NA,NA,132_0,NA,NA,1,NA,NA,NA,NA
EHA04823_bin.240.fa.gz,85.78250492007106,NA,NA,NA,NA,NA,133_1,NA,NA,1,NA,NA,NA,NA
nhnw_bin.525.fa.gz,91.4540284736404,NA,NA,NA,NA,NA,133_2,NA,NA,1,NA,NA,NA,NA
EHA04815_bin.116.fa.gz,44.824168800029504,NA,NA,NA,NA,NA,134_0,NA,NA,1,NA,NA,NA,NA
nhnw_bin.356.fa.gz,81.31880340453516,NA,NA,NA,NA,NA,135_0,NA,NA,1,NA,NA,NA,NA
EHA04823_bin.259.fa.gz,93.9511482330768,NA,NA,NA,NA,NA,136_1,NA,NA,1,NA,NA,NA,NA
nhnw_bin.346.fa.gz,48.77756169685536,NA,NA,NA,NA,NA,136_2,NA,NA,1,NA,NA,NA,NA
EHA04815_bin.36.fa.gz,89.01296657922973,NA,NA,NA,NA,NA,137_0,NA,NA,1,NA,NA,NA,NA
EHA04823_bin.270.fa.gz,85.37365937831227,NA,NA,NA,NA,NA,138_0,NA,NA,1,NA,NA,NA,NA
EHA04815_bin.157.fa.gz,80.42537333660627,NA,NA,NA,NA,NA,139_0,NA,NA,1,NA,NA,NA,NA
EHA04815_bin.64.fa.gz,72.39504343771189,NA,NA,NA,NA,NA,140_0,NA,NA,1,NA,NA,NA,NA
EHA04823_bin.176.fa.gz,83.58151665236683,NA,NA,NA,NA,NA,141_0,NA,NA,1,NA,NA,NA,NA
EHA04815_bin.136.fa.gz,95.8285444757396,NA,NA,NA,NA,NA,142_1,NA,NA,1,NA,NA,NA,NA
nhnw_bin.293.fa.gz,91.14997523719316,NA,NA,NA,NA,NA,142_2,NA,NA,1,NA,NA,NA,NA
EHA04815_bin.88.fa.gz,85.40239799789896,NA,NA,NA,NA,NA,143_0,NA,NA,1,NA,NA,NA,NA
EHA04823_bin.273.fa.gz,63.30368502672203,NA,NA,NA,NA,NA,144_0,NA,NA,1,NA,NA,NA,NA
nhnw_bin.349.fa.gz,85.39410701658991,NA,NA,NA,NA,NA,145_0,NA,NA,1,NA,NA,NA,NA
nhnw_bin.42.fa.gz,92.06454024295552,NA,NA,NA,NA,NA,146_0,NA,NA,1,NA,NA,NA,NA
nhnw_bin.430.fa.gz,80.68723640085443,NA,NA,NA,NA,NA,147_0,NA,NA,1,NA,NA,NA,NA
nhnw_bin.503.fa.gz,81.87334832798908,NA,NA,NA,NA,NA,148_0,NA,NA,1,NA,NA,NA,NA
EHA04815_bin.167.fa.gz,86.14683858271145,NA,NA,NA,NA,NA,149_0,NA,NA,1,NA,NA,NA,NA
nhnw_bin.362.fa.gz,72.73408418557058,NA,NA,NA,NA,NA,150_0,NA,NA,1,NA,NA,NA,NA
nhnw_bin.274.fa.gz,66.76930226373756,NA,NA,NA,NA,NA,151_0,NA,NA,1,NA,NA,NA,NA
EHA04823_bin.182.fa.gz,73.42820325043556,NA,NA,NA,NA,NA,152_0,NA,NA,1,NA,NA,NA,NA
EHA04815_bin.44.fa.gz,73.97008440597257,NA,NA,NA,NA,NA,153_0,NA,NA,1,NA,NA,NA,NA
EHA04815_bin.45.fa.gz,75.11352923200049,NA,NA,NA,NA,NA,154_0,NA,NA,1,NA,NA,NA,NA
EHA04750_bin.45.fa.gz,71.87063739560517,NA,NA,NA,NA,NA,155_1,NA,NA,1,NA,NA,NA,NA
EHA04815_bin.161.fa.gz,67.02137678246667,NA,NA,NA,NA,NA,155_2,NA,NA,1,NA,NA,NA,NA
EHA04823_bin.196.fa.gz,66.13578598683712,NA,NA,NA,NA,NA,155_3,NA,NA,1,NA,NA,NA,NA
nhnw_bin.599.fa.gz,35.878188571998805,NA,NA,NA,NA,NA,155_4,NA,NA,1,NA,NA,NA,NA
EHA04815_bin.53.fa.gz,96.52541265502748,NA,NA,NA,NA,NA,156_1,NA,NA,1,NA,NA,NA,NA
EHA04823_bin.23.fa.gz,94.84574517284749,NA,NA,NA,NA,NA,156_2,NA,NA,1,NA,NA,NA,NA
nhnw_bin.374.fa.gz,75.60450080964348,NA,NA,NA,NA,NA,156_3,NA,NA,1,NA,NA,NA,NA
nhnw_bin.306.fa.gz,80.9344548895612,NA,NA,NA,NA,NA,157_0,NA,NA,1,NA,NA,NA,NA
EHA04823_bin.219.fa.gz,56.05119159885548,NA,NA,NA,NA,NA,158_1,NA,NA,1,NA,NA,NA,NA
nhnw_bin.509.fa.gz,92.1176282125266,NA,NA,NA,NA,NA,158_2,NA,NA,1,NA,NA,NA,NA
EHA04823_bin.40.fa.gz,93.69855825538352,NA,NA,NA,NA,NA,159_0,NA,NA,1,NA,NA,NA,NA
nhnw_bin.332.fa.gz,69.89800335760927,NA,NA,NA,NA,NA,160_0,NA,NA,1,NA,NA,NA,NA
nhnw_bin.318.fa.gz,87.73181220326603,NA,NA,NA,NA,NA,161_0,NA,NA,1,NA,NA,NA,NA
nhnw_bin.424.fa.gz,71.49350218092009,NA,NA,NA,NA,NA,162_0,NA,NA,1,NA,NA,NA,NA
EHA04823_bin.101.fa.gz,82.44606155185643,NA,NA,NA,NA,NA,163_0,NA,NA,1,NA,NA,NA,NA
EHA04823_bin.62.fa.gz,71.14931121485104,NA,NA,NA,NA,NA,164_0,NA,NA,1,NA,NA,NA,NA
EHA04815_bin.198.fa.gz,67.84818145979885,NA,NA,NA,NA,NA,165_0,NA,NA,1,NA,NA,NA,NA
nhnw_bin.366.fa.gz,87.32416025465903,NA,NA,NA,NA,NA,166_0,NA,NA,1,NA,NA,NA,NA
nhnw_bin.310.fa.gz,87.43475532156874,NA,NA,NA,NA,NA,167_0,NA,NA,1,NA,NA,NA,NA
nhnw_bin.417.fa.gz,90.70067069582724,NA,NA,NA,NA,NA,168_0,NA,NA,1,NA,NA,NA,NA
nhnw_bin.88.fa.gz,71.56100144567536,NA,NA,NA,NA,NA,169_0,NA,NA,1,NA,NA,NA,NA
nhnw_bin.551.fa.gz,88.76600307140306,NA,NA,NA,NA,NA,170_0,NA,NA,1,NA,NA,NA,NA
EHA04815_bin.71.fa.gz,88.89390528633798,NA,NA,NA,NA,NA,171_0,NA,NA,1,NA,NA,NA,NA
nhnw_bin.328.fa.gz,78.58341293801591,NA,NA,NA,NA,NA,172_0,NA,NA,1,NA,NA,NA,NA
EHA04823_bin.211.fa.gz,62.939843995139526,NA,NA,NA,NA,NA,173_0,NA,NA,1,NA,NA,NA,NA
nhnw_bin.504.fa.gz,74.18920979252474,NA,NA,NA,NA,NA,174_0,NA,NA,1,NA,NA,NA,NA
nhnw_bin.185.fa.gz,81.3681741778885,NA,NA,NA,NA,NA,175_0,NA,NA,1,NA,NA,NA,NA
nhnw_bin.95.fa.gz,89.76824787609878,NA,NA,NA,NA,NA,176_0,NA,NA,1,NA,NA,NA,NA
EHA04823_bin.171.fa.gz,74.98293007253892,NA,NA,NA,NA,NA,177_0,NA,NA,1,NA,NA,NA,NA
nhnw_bin.84.fa.gz,78.5399003558153,NA,NA,NA,NA,NA,178_0,NA,NA,1,NA,NA,NA,NA
nhnw_bin.574.fa.gz,78.84948233870259,NA,NA,NA,NA,NA,179_0,NA,NA,1,NA,NA,NA,NA
nhnw_bin.101.fa.gz,88.68113214558501,NA,NA,NA,NA,NA,180_0,NA,NA,1,NA,NA,NA,NA
nhnw_bin.593.fa.gz,87.38463591682242,NA,NA,NA,NA,NA,181_0,NA,NA,1,NA,NA,NA,NA
nhnw_bin.149.fa.gz,74.67982349384019,NA,NA,NA,NA,NA,182_0,NA,NA,1,NA,NA,NA,NA
nhnw_bin.313.fa.gz,43.90505343017745,NA,NA,NA,NA,NA,183_0,NA,NA,1,NA,NA,NA,NA
nhnw_bin.260.fa.gz,50.55379936486062,NA,NA,NA,NA,NA,184_0,NA,NA,1,NA,NA,NA,NA
nhnw_bin.287.fa.gz,81.05640058664217,NA,NA,NA,NA,NA,185_0,NA,NA,1,NA,NA,NA,NA
nhnw_bin.300.fa.gz,81.08163751025288,NA,NA,NA,NA,NA,186_0,NA,NA,1,NA,NA,NA,NA
nhnw_bin.350.fa.gz,83.62667307980823,NA,NA,NA,NA,NA,187_0,NA,NA,1,NA,NA,NA,NA
nhnw_bin.166.fa.gz,71.19804039135803,NA,NA,NA,NA,NA,188_0,NA,NA,1,NA,NA,NA,NA
nhnw_bin.527.fa.gz,87.00836375505678,NA,NA,NA,NA,NA,189_0,NA,NA,1,NA,NA,NA,NA
nhnw_bin.83.fa.gz,88.02314337440444,NA,NA,NA,NA,NA,190_0,NA,NA,1,NA,NA,NA,NA
nhnw_bin.4.fa.gz,80.09826035305164,NA,NA,NA,NA,NA,191_0,NA,NA,1,NA,NA,NA,NA
nhnw_bin.151.fa.gz,84.08732239266494,NA,NA,NA,NA,NA,192_0,NA,NA,1,NA,NA,NA,NA
nhnw_bin.556.fa.gz,93.6826528330798,NA,NA,NA,NA,NA,193_0,NA,NA,1,NA,NA,NA,NA
nhnw_bin.86.fa.gz,72.4014778753023,NA,NA,NA,NA,NA,194_0,NA,NA,1,NA,NA,NA,NA
nhnw_bin.361.fa.gz,47.673438215986586,NA,NA,NA,NA,NA,195_0,NA,NA,1,NA,NA,NA,NA
EHA04823_bin.272.fa.gz,75.01294622667216,NA,NA,NA,NA,NA,196_0,NA,NA,1,NA,NA,NA,NA
nhnw_bin.158.fa.gz,87.19281020630778,NA,NA,NA,NA,NA,197_0,NA,NA,1,NA,NA,NA,NA
EHA04823_bin.120.fa.gz,89.53943225710385,NA,NA,NA,NA,NA,198_1,NA,NA,1,NA,NA,NA,NA
nhnw_bin.565.fa.gz,89.41837879631233,NA,NA,NA,NA,NA,198_2,NA,NA,1,NA,NA,NA,NA
nhnw_bin.28.fa.gz,95.98038071349012,NA,NA,NA,NA,NA,199_0,NA,NA,1,NA,NA,NA,NA
EHA04823_bin.58.fa.gz,97.62004516405642,NA,NA,NA,NA,NA,200_1,NA,NA,1,NA,NA,NA,NA
nhnw_bin.596.fa.gz,89.41736865073068,NA,NA,NA,NA,NA,200_2,NA,NA,1,NA,NA,NA,NA
nhnw_bin.50.fa.gz,74.63513390046683,NA,NA,NA,NA,NA,201_0,NA,NA,1,NA,NA,NA,NA
EHA04815_bin.91.fa.gz,75.1033954561908,NA,NA,NA,NA,NA,202_1,NA,NA,1,NA,NA,NA,NA
nhnw_bin.579.fa.gz,49.957194170595294,NA,NA,NA,NA,NA,202_2,NA,NA,1,NA,NA,NA,NA
nhnw_bin.211.fa.gz,93.20759799071588,NA,NA,NA,NA,NA,203_0,NA,NA,1,NA,NA,NA,NA
EHA04823_bin.1.fa.gz,69.31064965509718,NA,NA,NA,NA,NA,204_0,NA,NA,1,NA,NA,NA,NA
EHA04823_bin.262.fa.gz,98.91083618661234,NA,NA,NA,NA,NA,205_0,NA,NA,1,NA,NA,NA,NA
EHA04815_bin.83.fa.gz,99.1044228190241,NA,NA,NA,NA,NA,206_0,NA,NA,1,NA,NA,NA,NA
nhnw_bin.91.fa.gz,78.33368926205709,NA,NA,NA,NA,NA,207_0,NA,NA,1,NA,NA,NA,NA
nhnw_bin.270.fa.gz,82.50050558688343,NA,NA,NA,NA,NA,208_0,NA,NA,1,NA,NA,NA,NA
EHA04823_bin.188.fa.gz,92.22872692208388,NA,NA,NA,NA,NA,209_0,NA,NA,1,NA,NA,NA,NA
nhnw_bin.438.fa.gz,77.8406758694964,NA,NA,NA,NA,NA,210_0,NA,NA,1,NA,NA,NA,NA
EHA04815_bin.23.fa.gz,86.51377316975575,NA,NA,NA,NA,NA,211_0,NA,NA,1,NA,NA,NA,NA
nhnw_bin.532.fa.gz,87.82622878910038,NA,NA,NA,NA,NA,212_0,NA,NA,1,NA,NA,NA,NA
EHA04750_bin.29.fa.gz,96.84275570539278,NA,NA,NA,NA,NA,213_1,NA,NA,1,NA,NA,NA,NA
nhnw_bin.334.fa.gz,92.01736879116288,NA,NA,NA,NA,NA,213_2,NA,NA,1,NA,NA,NA,NA
EHA04815_bin.7.fa.gz,70.76991886293362,NA,NA,NA,NA,NA,214_0,NA,NA,1,NA,NA,NA,NA
EHA04823_bin.86.fa.gz,77.94304947996422,NA,NA,NA,NA,NA,215_0,NA,NA,1,NA,NA,NA,NA
nhnw_bin.154.fa.gz,97.02443456322143,NA,NA,NA,NA,NA,216_0,NA,NA,1,NA,NA,NA,NA
nhnw_bin.281.fa.gz,86.99148276541733,NA,NA,NA,NA,NA,217_0,NA,NA,1,NA,NA,NA,NA
nhnw_bin.89.fa.gz,64.77835124709132,NA,NA,NA,NA,NA,218_0,NA,NA,1,NA,NA,NA,NA
nhnw_bin.432.fa.gz,86.97012037624182,NA,NA,NA,NA,NA,219_0,NA,NA,1,NA,NA,NA,NA
EHA04823_bin.251.fa.gz,86.94676966536588,NA,NA,NA,NA,NA,220_1,NA,NA,1,NA,NA,NA,NA
nhnw_bin.118.fa.gz,80.71649684027983,NA,NA,NA,NA,NA,220_2,NA,NA,1,NA,NA,NA,NA
EHA04823_bin.65.fa.gz,96.27274399244544,NA,NA,NA,NA,NA,221_1,NA,NA,1,NA,NA,NA,NA
nhnw_bin.344.fa.gz,46.42664754136825,NA,NA,NA,NA,NA,221_2,NA,NA,1,NA,NA,NA,NA
EHA04823_bin.34.fa.gz,64.85122239595913,NA,NA,NA,NA,NA,222_1,NA,NA,1,NA,NA,NA,NA
nhnw_bin.232.fa.gz,51.70683248160159,NA,NA,NA,NA,NA,222_2,NA,NA,1,NA,NA,NA,NA
nhnw_bin.548.fa.gz,81.5063825221948,NA,NA,NA,NA,NA,223_0,NA,NA,1,NA,NA,NA,NA
nhnw_bin.25.fa.gz,77.97061572757482,NA,NA,NA,NA,NA,224_0,NA,NA,1,NA,NA,NA,NA
nhnw_bin.276.fa.gz,78.68770827992024,NA,NA,NA,NA,NA,225_0,NA,NA,1,NA,NA,NA,NA
nhnw_bin.544.fa.gz,87.01193902665204,NA,NA,NA,NA,NA,226_0,NA,NA,1,NA,NA,NA,NA
EHA04823_bin.263.fa.gz,91.27930303304626,NA,NA,NA,NA,NA,227_1,NA,NA,2,98.87,98.87,NA,NA
EHA04823_bin.247.fa.gz,74.37362155819405,NA,NA,NA,NA,NA,228_0,NA,NA,1,NA,NA,NA,NA
nhnw_bin.5.fa.gz,50.65066316121074,NA,NA,NA,NA,NA,229_0,NA,NA,1,NA,NA,NA,NA
EHA04823_bin.183.fa.gz,80.43720152319533,NA,NA,NA,NA,NA,230_1,NA,NA,1,NA,NA,NA,NA
nhnw_bin.223.fa.gz,52.2407011350382,NA,NA,NA,NA,NA,230_2,NA,NA,1,NA,NA,NA,NA
nhnw_bin.437.fa.gz,40.61556871756015,NA,NA,NA,NA,NA,231_0,NA,NA,1,NA,NA,NA,NA
EHA04815_bin.34.fa.gz,86.76652399805761,NA,NA,NA,NA,NA,232_0,NA,NA,1,NA,NA,NA,NA
nhnw_bin.60.fa.gz,92.17368659694112,NA,NA,NA,NA,NA,233_0,NA,NA,1,NA,NA,NA,NA
nhnw_bin.17.fa.gz,69.78288910641429,NA,NA,NA,NA,NA,234_0,NA,NA,1,NA,NA,NA,NA
nhnw_bin.404.fa.gz,88.80454827416098,NA,NA,NA,NA,NA,235_0,NA,NA,1,NA,NA,NA,NA
nhnw_bin.485.fa.gz,89.32581485881497,NA,NA,NA,NA,NA,236_0,NA,NA,1,NA,NA,NA,NA
EHA04823_bin.278.fa.gz,97.43730940382828,NA,NA,NA,NA,NA,237_1,NA,NA,2,98.31,98.31,NA,NA
nhnw_bin.495.fa.gz,80.71103037020751,NA,NA,NA,NA,NA,238_0,NA,NA,1,NA,NA,NA,NA
EHA04823_bin.26.fa.gz,32.125577941197974,NA,NA,NA,NA,NA,239_0,NA,NA,1,NA,NA,NA,NA
nhnw_bin.336.fa.gz,98.2487826778737,NA,NA,NA,NA,NA,240_0,NA,NA,1,NA,NA,NA,NA
EHA04815_bin.200.fa.gz,77.4831889533793,NA,NA,NA,NA,NA,241_1,NA,NA,1,NA,NA,NA,NA
nhnw_bin.315.fa.gz,72.19222738723519,NA,NA,NA,NA,NA,241_2,NA,NA,1,NA,NA,NA,NA
nhnw_bin.309.fa.gz,89.93209751910392,NA,NA,NA,NA,NA,242_0,NA,NA,1,NA,NA,NA,NA
EHA04823_bin.93.fa.gz,100.76728599211508,NA,NA,NA,NA,NA,243_1,NA,NA,1,NA,NA,NA,NA
nhnw_bin.297.fa.gz,75.34230189604351,NA,NA,NA,NA,NA,243_2,NA,NA,1,NA,NA,NA,NA
nhnw_bin.133.fa.gz,82.03243570915996,NA,NA,NA,NA,NA,244_0,NA,NA,1,NA,NA,NA,NA
nhnw_bin.67.fa.gz,90.88911456948084,NA,NA,NA,NA,NA,245_0,NA,NA,1,NA,NA,NA,NA
nhnw_bin.289.fa.gz,80.43207491477544,NA,NA,NA,NA,NA,246_0,NA,NA,1,NA,NA,NA,NA
nhnw_bin.455.fa.gz,78.81804392089248,NA,NA,NA,NA,NA,247_0,NA,NA,1,NA,NA,NA,NA
nhnw_bin.601.fa.gz,38.75424419065451,NA,NA,NA,NA,NA,248_0,NA,NA,1,NA,NA,NA,NA
EHA04823_bin.121.fa.gz,94.54222226204736,NA,NA,NA,NA,NA,249_1,NA,NA,1,NA,NA,NA,NA
nhnw_bin.466.fa.gz,33.59018665345803,NA,NA,NA,NA,NA,249_2,NA,NA,1,NA,NA,NA,NA
EHA04815_bin.178.fa.gz,95.48539536827596,NA,NA,NA,NA,NA,249_3,NA,NA,1,NA,NA,NA,NA
EHA04823_bin.206.fa.gz,95.2419862885042,NA,NA,NA,NA,NA,250_1,NA,NA,1,NA,NA,NA,NA
nhnw_bin.538.fa.gz,60.364797890512165,NA,NA,NA,NA,NA,250_2,NA,NA,1,NA,NA,NA,NA
EHA04815_bin.156.fa.gz,93.64016093776372,NA,NA,NA,NA,NA,251_0,NA,NA,1,NA,NA,NA,NA
nhnw_bin.563.fa.gz,81.97995620516735,NA,NA,NA,NA,NA,252_0,NA,NA,1,NA,NA,NA,NA
nhnw_bin.594.fa.gz,69.36873128681516,NA,NA,NA,NA,NA,253_0,NA,NA,1,NA,NA,NA,NA
nhnw_bin.355.fa.gz,81.43080135801412,NA,NA,NA,NA,NA,254_0,NA,NA,1,NA,NA,NA,NA
nhnw_bin.479.fa.gz,88.48021838305289,NA,NA,NA,NA,NA,255_0,NA,NA,1,NA,NA,NA,NA
EHA04823_bin.205.fa.gz,97.27222104260476,NA,NA,NA,NA,NA,256_0,NA,NA,1,NA,NA,NA,NA
EHA04823_bin.222.fa.gz,69.42372647644497,NA,NA,NA,NA,NA,257_0,NA,NA,1,NA,NA,NA,NA
nhnw_bin.34.fa.gz,72.2293426787935,NA,NA,NA,NA,NA,258_0,NA,NA,1,NA,NA,NA,NA
nhnw_bin.440.fa.gz,74.9237842380809,NA,NA,NA,NA,NA,259_0,NA,NA,1,NA,NA,NA,NA
nhnw_bin.515.fa.gz,78.5303066253058,NA,NA,NA,NA,NA,260_0,NA,NA,1,NA,NA,NA,NA
EHA04823_bin.214.fa.gz,86.6943068398326,NA,NA,NA,NA,NA,261_0,NA,NA,1,NA,NA,NA,NA
nhnw_bin.175.fa.gz,66.61997122657964,NA,NA,NA,NA,NA,262_0,NA,NA,1,NA,NA,NA,NA
nhnw_bin.359.fa.gz,86.60471370442262,NA,NA,NA,NA,NA,263_0,NA,NA,1,NA,NA,NA,NA
EHA04823_bin.87.fa.gz,91.45944911089856,NA,NA,NA,NA,NA,264_0,NA,NA,1,NA,NA,NA,NA
nhnw_bin.181.fa.gz,90.01676266226109,NA,NA,NA,NA,NA,265_0,NA,NA,1,NA,NA,NA,NA
nhnw_bin.566.fa.gz,92.92709671459708,NA,NA,NA,NA,NA,266_0,NA,NA,1,NA,NA,NA,NA
EHA04823_bin.250.fa.gz,96.61152834423768,NA,NA,NA,NA,NA,267_1,NA,NA,1,NA,NA,NA,NA
nhnw_bin.56.fa.gz,95.17908098087916,NA,NA,NA,NA,NA,267_2,NA,NA,1,NA,NA,NA,NA
nhnw_bin.197.fa.gz,94.70361282589228,NA,NA,NA,NA,NA,268_0,NA,NA,1,NA,NA,NA,NA
nhnw_bin.418.fa.gz,96.742141336275,NA,NA,NA,NA,NA,269_0,NA,NA,1,NA,NA,NA,NA
nhnw_bin.82.fa.gz,91.33874965979518,NA,NA,NA,NA,NA,270_0,NA,NA,1,NA,NA,NA,NA
EHA04815_bin.48.fa.gz,77.11717416785551,NA,NA,NA,NA,NA,271_0,NA,NA,1,NA,NA,NA,NA
EHA04823_bin.227.fa.gz,72.75048014588805,NA,NA,NA,NA,NA,272_0,NA,NA,1,NA,NA,NA,NA
EHA04815_bin.113.fa.gz,98.62791837899717,NA,NA,NA,NA,NA,273_0,NA,NA,1,NA,NA,NA,NA
EHA04823_bin.232.fa.gz,89.42314791756071,NA,NA,NA,NA,NA,274_0,NA,NA,1,NA,NA,NA,NA
EHA04823_bin.94.fa.gz,83.75462758418462,NA,NA,NA,NA,NA,275_0,NA,NA,1,NA,NA,NA,NA
nhnw_bin.252.fa.gz,76.86109447407077,NA,NA,NA,NA,NA,276_0,NA,NA,1,NA,NA,NA,NA
nhnw_bin.191.fa.gz,95.25562226702957,NA,NA,NA,NA,NA,277_0,NA,NA,1,NA,NA,NA,NA
nhnw_bin.464.fa.gz,89.13114149623017,NA,NA,NA,NA,NA,278_0,NA,NA,1,NA,NA,NA,NA
EHA04823_bin.275.fa.gz,89.5523122119233,NA,NA,NA,NA,NA,279_1,NA,NA,1,NA,NA,NA,NA
nhnw_bin.402.fa.gz,84.47736971705673,NA,NA,NA,NA,NA,279_2,NA,NA,1,NA,NA,NA,NA
EHA04823_bin.261.fa.gz,90.46503716107004,NA,NA,NA,NA,NA,280_0,NA,NA,1,NA,NA,NA,NA
nhnw_bin.360.fa.gz,81.29617175537166,NA,NA,NA,NA,NA,281_0,NA,NA,1,NA,NA,NA,NA
nhnw_bin.68.fa.gz,85.13136700947413,NA,NA,NA,NA,NA,282_0,NA,NA,1,NA,NA,NA,NA
nhnw_bin.380.fa.gz,79.94324620352643,NA,NA,NA,NA,NA,283_0,NA,NA,1,NA,NA,NA,NA
nhnw_bin.452.fa.gz,94.77805390465346,NA,NA,NA,NA,NA,284_0,NA,NA,1,NA,NA,NA,NA
nhnw_bin.206.fa.gz,96.67898871359276,NA,NA,NA,NA,NA,285_0,NA,NA,1,NA,NA,NA,NA
EHA04815_bin.80.fa.gz,73.00030644308713,NA,NA,NA,NA,NA,286_0,NA,NA,1,NA,NA,NA,NA
nhnw_bin.522.fa.gz,95.27940265509032,NA,NA,NA,NA,NA,287_0,NA,NA,1,NA,NA,NA,NA
nhnw_bin.14.fa.gz,97.32740301068436,NA,NA,NA,NA,NA,288_0,NA,NA,1,NA,NA,NA,NA
nhnw_bin.324.fa.gz,94.1887622228408,NA,NA,NA,NA,NA,289_0,NA,NA,1,NA,NA,NA,NA
nhnw_bin.507.fa.gz,85.18120247042805,NA,NA,NA,NA,NA,290_0,NA,NA,1,NA,NA,NA,NA
EHA04815_bin.96.fa.gz,99.74375736673,NA,NA,NA,NA,NA,291_0,NA,NA,1,NA,NA,NA,NA
EHA04823_bin.49.fa.gz,97.64658956034128,NA,NA,NA,NA,NA,292_0,NA,NA,1,NA,NA,NA,NA
EHA04815_bin.100.fa.gz,65.29320186311153,NA,NA,NA,NA,NA,293_0,NA,NA,1,NA,NA,NA,NA
nhnw_bin.543.fa.gz,74.28588040200644,NA,NA,NA,NA,NA,294_0,NA,NA,1,NA,NA,NA,NA
EHA04815_bin.14.fa.gz,75.91985882955275,NA,NA,NA,NA,NA,295_1,NA,NA,1,NA,NA,NA,NA
nhnw_bin.470.fa.gz,94.97559016378352,NA,NA,NA,NA,NA,295_2,NA,NA,1,NA,NA,NA,NA
nhnw_bin.112.fa.gz,86.90132143407116,NA,NA,NA,NA,NA,296_0,NA,NA,1,NA,NA,NA,NA
EHA04744_bin.26.fa.gz,98.1739969725708,NA,NA,NA,NA,NA,297_1,NA,NA,2,98.12,98.12,NA,NA
nhnw_bin.337.fa.gz,94.7326805153812,NA,NA,NA,NA,NA,298_0,NA,NA,1,NA,NA,NA,NA
EHA04815_bin.92.fa.gz,90.44965856062151,NA,NA,NA,NA,NA,299_0,NA,NA,1,NA,NA,NA,NA
nhnw_bin.215.fa.gz,91.07114848291346,NA,NA,NA,NA,NA,300_0,NA,NA,1,NA,NA,NA,NA
nhnw_bin.286.fa.gz,80.22459377996788,NA,NA,NA,NA,NA,301_0,NA,NA,1,NA,NA,NA,NA
nhnw_bin.165.fa.gz,68.7709811320374,NA,NA,NA,NA,NA,302_0,NA,NA,1,NA,NA,NA,NA
nhnw_bin.389.fa.gz,66.05765760817636,NA,NA,NA,NA,NA,303_0,NA,NA,1,NA,NA,NA,NA
EHA04823_bin.27.fa.gz,95.94463498048792,NA,NA,NA,NA,NA,304_0,NA,NA,1,NA,NA,NA,NA
nhnw_bin.395.fa.gz,80.63338188656246,NA,NA,NA,NA,NA,305_0,NA,NA,1,NA,NA,NA,NA
nhnw_bin.459.fa.gz,89.54527082894177,NA,NA,NA,NA,NA,306_0,NA,NA,1,NA,NA,NA,NA
EHA04815_bin.118.fa.gz,95.73428629082233,NA,NA,NA,NA,NA,307_1,NA,NA,2,98.50,98.50,NA,NA
EHA04750_bin.25.fa.gz,94.59496656166564,NA,NA,NA,NA,NA,307_2,NA,NA,1,NA,NA,NA,NA
nhnw_bin.59.fa.gz,90.87342670733337,NA,NA,NA,NA,NA,308_0,NA,NA,1,NA,NA,NA,NA
EHA04823_bin.85.fa.gz,60.1073402720625,NA,NA,NA,NA,NA,309_0,NA,NA,1,NA,NA,NA,NA
nhnw_bin.156.fa.gz,99.93652696242135,NA,NA,NA,NA,NA,310_0,NA,NA,1,NA,NA,NA,NA
nhnw_bin.194.fa.gz,90.67645768727692,NA,NA,NA,NA,NA,311_0,NA,NA,1,NA,NA,NA,NA
EHA04823_bin.115.fa.gz,61.737193625072265,NA,NA,NA,NA,NA,312_0,NA,NA,1,NA,NA,NA,NA
nhnw_bin.144.fa.gz,91.36154268317384,NA,NA,NA,NA,NA,313_0,NA,NA,1,NA,NA,NA,NA
EHA04823_bin.228.fa.gz,91.40321589617112,NA,NA,NA,NA,NA,314_0,NA,NA,1,NA,NA,NA,NA
EHA04823_bin.125.fa.gz,60.1326987956325,NA,NA,NA,NA,NA,315_1,NA,NA,1,NA,NA,NA,NA
nhnw_bin.2.fa.gz,66.20848785073501,NA,NA,NA,NA,NA,315_2,NA,NA,1,NA,NA,NA,NA
EHA04815_bin.85.fa.gz,94.31128183455368,NA,NA,NA,NA,NA,316_0,NA,NA,1,NA,NA,NA,NA
EHA04823_bin.97.fa.gz,76.59052963110886,NA,NA,NA,NA,NA,317_0,NA,NA,1,NA,NA,NA,NA
nhnw_bin.119.fa.gz,96.45770671220362,NA,NA,NA,NA,NA,318_0,NA,NA,1,NA,NA,NA,NA
EHA04823_bin.4.fa.gz,87.71913459522032,NA,NA,NA,NA,NA,319_0,NA,NA,1,NA,NA,NA,NA
EHA04823_bin.83.fa.gz,99.11826768694787,NA,NA,NA,NA,NA,320_0,NA,NA,1,NA,NA,NA,NA
nhnw_bin.465.fa.gz,78.60040196740519,NA,NA,NA,NA,NA,321_0,NA,NA,1,NA,NA,NA,NA
EHA04815_bin.66.fa.gz,82.97453720070045,NA,NA,NA,NA,NA,322_0,NA,NA,1,NA,NA,NA,NA
EHA04823_bin.162.fa.gz,94.09445992011784,NA,NA,NA,NA,NA,323_0,NA,NA,1,NA,NA,NA,NA
EHA04823_bin.80.fa.gz,71.51730259946677,NA,NA,NA,NA,NA,324_1,NA,NA,1,NA,NA,NA,NA
nhnw_bin.592.fa.gz,89.40508644819657,NA,NA,NA,NA,NA,324_2,NA,NA,1,NA,NA,NA,NA
EHA04746_bin.20.fa.gz,98.4434174327922,NA,NA,NA,NA,NA,325_1,NA,NA,1,NA,NA,NA,NA
EHA04823_bin.21.fa.gz,99.10359722115876,NA,NA,NA,NA,NA,325_2,NA,NA,1,NA,NA,NA,NA
EHA04823_bin.20.fa.gz,90.4419937056061,NA,NA,NA,NA,NA,326_0,NA,NA,1,NA,NA,NA,NA
nhnw_bin.441.fa.gz,60.46062039011776,NA,NA,NA,NA,NA,327_0,NA,NA,1,NA,NA,NA,NA
nhnw_bin.558.fa.gz,83.26033791490927,NA,NA,NA,NA,NA,328_0,NA,NA,1,NA,NA,NA,NA
nhnw_bin.312.fa.gz,62.2540794756282,NA,NA,NA,NA,NA,329_1,NA,NA,1,NA,NA,NA,NA
nhnw_bin.499.fa.gz,60.197805255837146,NA,NA,NA,NA,NA,329_2,NA,NA,1,NA,NA,NA,NA
EHA04815_bin.188.fa.gz,60.45224133607508,NA,NA,NA,NA,NA,330_0,NA,NA,1,NA,NA,NA,NA
nhnw_bin.41.fa.gz,72.44914507738545,NA,NA,NA,NA,NA,331_0,NA,NA,1,NA,NA,NA,NA
nhnw_bin.103.fa.gz,94.19876889380184,NA,NA,NA,NA,NA,332_0,NA,NA,1,NA,NA,NA,NA
EHA04748_bin.25.fa.gz,98.21156496236736,NA,NA,NA,NA,NA,333_0,NA,NA,1,NA,NA,NA,NA
EHA04823_bin.268.fa.gz,69.33940508622928,NA,NA,NA,NA,NA,334_0,NA,NA,1,NA,NA,NA,NA
nhnw_bin.174.fa.gz,92.95266396708162,NA,NA,NA,NA,NA,335_0,NA,NA,1,NA,NA,NA,NA
nhnw_bin.288.fa.gz,75.62908613752388,NA,NA,NA,NA,NA,336_0,NA,NA,1,NA,NA,NA,NA
nhnw_bin.256.fa.gz,90.0934498171646,NA,NA,NA,NA,NA,337_1,NA,NA,2,97.96,97.96,NA,NA
EHA04815_bin.110.fa.gz,80.77586559802992,NA,NA,NA,NA,NA,338_0,NA,NA,1,NA,NA,NA,NA
EHA04815_bin.56.fa.gz,96.76611491788638,NA,NA,NA,NA,NA,339_0,NA,NA,1,NA,NA,NA,NA
EHA04823_bin.100.fa.gz,71.65959230881569,NA,NA,NA,NA,NA,340_0,NA,NA,1,NA,NA,NA,NA
EHA04823_bin.138.fa.gz,100.15014808013537,NA,NA,NA,NA,NA,341_0,NA,NA,1,NA,NA,NA,NA
EHA04745_bin.5.fa.gz,99.03928324779692,NA,NA,NA,NA,NA,342_0,NA,NA,1,NA,NA,NA,NA
nhnw_bin.531.fa.gz,82.58560259615957,NA,NA,NA,NA,NA,343_0,NA,NA,1,NA,NA,NA,NA
nhnw_bin.249.fa.gz,94.83479313666096,NA,NA,NA,NA,NA,344_0,NA,NA,1,NA,NA,NA,NA
nhnw_bin.426.fa.gz,51.96929699048832,NA,NA,NA,NA,NA,345_0,NA,NA,1,NA,NA,NA,NA
nhnw_bin.541.fa.gz,72.6962751469491,NA,NA,NA,NA,NA,346_0,NA,NA,1,NA,NA,NA,NA
nhnw_bin.127.fa.gz,65.78774650333891,NA,NA,NA,NA,NA,347_0,NA,NA,1,NA,NA,NA,NA
EHA04823_bin.140.fa.gz,57.40346340339779,NA,NA,NA,NA,NA,348_0,NA,NA,1,NA,NA,NA,NA
nhnw_bin.505.fa.gz,82.4834247067716,NA,NA,NA,NA,NA,349_0,NA,NA,1,NA,NA,NA,NA
nhnw_bin.171.fa.gz,66.88290398950188,NA,NA,NA,NA,NA,350_0,NA,NA,1,NA,NA,NA,NA
nhnw_bin.250.fa.gz,85.79098883738207,NA,NA,NA,NA,NA,351_0,NA,NA,1,NA,NA,NA,NA
nhnw_bin.339.fa.gz,90.6088471657374,NA,NA,NA,NA,NA,352_0,NA,NA,1,NA,NA,NA,NA
EHA04815_bin.29.fa.gz,96.17928686690342,NA,NA,NA,NA,NA,353_0,NA,NA,1,NA,NA,NA,NA
EHA04815_bin.70.fa.gz,76.00404113049532,NA,NA,NA,NA,NA,354_0,NA,NA,1,NA,NA,NA,NA
EHA04823_bin.17.fa.gz,82.40162200931513,NA,NA,NA,NA,NA,355_0,NA,NA,1,NA,NA,NA,NA
nhnw_bin.283.fa.gz,72.82412119313346,NA,NA,NA,NA,NA,356_0,NA,NA,1,NA,NA,NA,NA
EHA04823_bin.89.fa.gz,61.65628532928971,NA,NA,NA,NA,NA,357_0,NA,NA,1,NA,NA,NA,NA
nhnw_bin.335.fa.gz,90.37594037625054,NA,NA,NA,NA,NA,358_0,NA,NA,1,NA,NA,NA,NA
nhnw_bin.546.fa.gz,82.96034931143556,NA,NA,NA,NA,NA,359_0,NA,NA,1,NA,NA,NA,NA
EHA04743_bin.3.fa.gz,96.63564749734812,NA,NA,NA,NA,NA,360_1,NA,NA,1,NA,NA,NA,NA
EHA04823_bin.131.fa.gz,80.51056803304625,NA,NA,NA,NA,NA,360_2,NA,NA,1,NA,NA,NA,NA
EHA04823_bin.255.fa.gz,89.27069763450696,NA,NA,NA,NA,NA,361_0,NA,NA,1,NA,NA,NA,NA
nhnw_bin.501.fa.gz,92.82245493878264,NA,NA,NA,NA,NA,362_0,NA,NA,1,NA,NA,NA,NA
EHA04815_bin.123.fa.gz,80.63920387715854,NA,NA,NA,NA,NA,363_0,NA,NA,1,NA,NA,NA,NA
nhnw_bin.280.fa.gz,79.61098305213653,NA,NA,NA,NA,NA,364_0,NA,NA,1,NA,NA,NA,NA
nhnw_bin.204.fa.gz,87.68569442667419,NA,NA,NA,NA,NA,365_0,NA,NA,1,NA,NA,NA,NA
nhnw_bin.603.fa.gz,69.94146077277229,NA,NA,NA,NA,NA,366_0,NA,NA,1,NA,NA,NA,NA
nhnw_bin.457.fa.gz,73.81438452375178,NA,NA,NA,NA,NA,367_0,NA,NA,1,NA,NA,NA,NA
nhnw_bin.72.fa.gz,72.67264796484902,NA,NA,NA,NA,NA,368_0,NA,NA,1,NA,NA,NA,NA
EHA04823_bin.118.fa.gz,98.52223543595422,NA,NA,NA,NA,NA,369_1,NA,NA,1,NA,NA,NA,NA
nhnw_bin.387.fa.gz,83.36679516630333,NA,NA,NA,NA,NA,369_2,NA,NA,1,NA,NA,NA,NA
EHA04823_bin.96.fa.gz,78.24010488508102,NA,NA,NA,NA,NA,370_0,NA,NA,1,NA,NA,NA,NA
nhnw_bin.100.fa.gz,74.48016430341171,NA,NA,NA,NA,NA,371_1,NA,NA,1,NA,NA,NA,NA
nhnw_bin.240.fa.gz,68.70029975640557,NA,NA,NA,NA,NA,371_2,NA,NA,1,NA,NA,NA,NA
nhnw_bin.1.fa.gz,82.82634597924554,NA,NA,NA,NA,NA,372_0,NA,NA,1,NA,NA,NA,NA
nhnw_bin.128.fa.gz,88.05031425278426,NA,NA,NA,NA,NA,373_0,NA,NA,1,NA,NA,NA,NA
EHA04815_bin.94.fa.gz,83.16638019451342,NA,NA,NA,NA,NA,374_0,NA,NA,1,NA,NA,NA,NA
EHA04823_bin.145.fa.gz,65.1503282399098,NA,NA,NA,NA,NA,375_0,NA,NA,1,NA,NA,NA,NA
nhnw_bin.66.fa.gz,81.46987930792133,NA,NA,NA,NA,NA,376_0,NA,NA,1,NA,NA,NA,NA
nhnw_bin.279.fa.gz,72.28623524115194,NA,NA,NA,NA,NA,377_0,NA,NA,1,NA,NA,NA,NA
nhnw_bin.520.fa.gz,87.52711245243447,NA,NA,NA,NA,NA,378_0,NA,NA,1,NA,NA,NA,NA
nhnw_bin.263.fa.gz,94.45481743415776,NA,NA,NA,NA,NA,379_0,NA,NA,1,NA,NA,NA,NA
EHA04823_bin.180.fa.gz,93.7814261166324,NA,NA,NA,NA,NA,380_0,NA,NA,1,NA,NA,NA,NA
nhnw_bin.234.fa.gz,89.75220217612171,NA,NA,NA,NA,NA,381_0,NA,NA,1,NA,NA,NA,NA
nhnw_bin.348.fa.gz,36.46023445560874,NA,NA,NA,NA,NA,382_0,NA,NA,1,NA,NA,NA,NA
EHA04823_bin.133.fa.gz,60.836695354008775,NA,NA,NA,NA,NA,383_0,NA,NA,1,NA,NA,NA,NA
nhnw_bin.454.fa.gz,100.22878478173192,NA,NA,NA,NA,NA,384_0,NA,NA,1,NA,NA,NA,NA
EHA04823_bin.136.fa.gz,92.37768325330632,NA,NA,NA,NA,NA,385_0,NA,NA,1,NA,NA,NA,NA
nhnw_bin.444.fa.gz,98.96188363071263,NA,NA,NA,NA,NA,386_0,NA,NA,1,NA,NA,NA,NA
nhnw_bin.269.fa.gz,100.80510444629176,NA,NA,NA,NA,NA,387_0,NA,NA,1,NA,NA,NA,NA
nhnw_bin.116.fa.gz,92.73657509984164,NA,NA,NA,NA,NA,388_0,NA,NA,1,NA,NA,NA,NA
nhnw_bin.577.fa.gz,92.79760855822872,NA,NA,NA,NA,NA,389_0,NA,NA,1,NA,NA,NA,NA
nhnw_bin.134.fa.gz,95.367360292842,NA,NA,NA,NA,NA,390_0,NA,NA,1,NA,NA,NA,NA
nhnw_bin.268.fa.gz,85.32605786453942,NA,NA,NA,NA,NA,391_0,NA,NA,1,NA,NA,NA,NA
EHA04815_bin.40.fa.gz,95.36724458000192,NA,NA,NA,NA,NA,392_0,NA,NA,1,NA,NA,NA,NA
nhnw_bin.13.fa.gz,91.53330385154194,NA,NA,NA,NA,NA,393_0,NA,NA,1,NA,NA,NA,NA
nhnw_bin.329.fa.gz,78.79635592027354,NA,NA,NA,NA,NA,394_0,NA,NA,1,NA,NA,NA,NA
EHA04823_bin.212.fa.gz,85.82028578211879,NA,NA,NA,NA,NA,395_0,NA,NA,1,NA,NA,NA,NA
nhnw_bin.61.fa.gz,99.84901462646664,NA,NA,NA,NA,NA,396_0,NA,NA,1,NA,NA,NA,NA
nhnw_bin.172.fa.gz,56.176129040045645,NA,NA,NA,NA,NA,397_0,NA,NA,1,NA,NA,NA,NA
nhnw_bin.513.fa.gz,34.96578793851696,NA,NA,NA,NA,NA,398_0,NA,NA,1,NA,NA,NA,NA
nhnw_bin.44.fa.gz,52.337166966791735,NA,NA,NA,NA,NA,399_0,NA,NA,1,NA,NA,NA,NA
nhnw_bin.77.fa.gz,51.90246270394654,NA,NA,NA,NA,NA,400_0,NA,NA,1,NA,NA,NA,NA
nhnw_bin.290.fa.gz,61.48679566737924,NA,NA,NA,NA,NA,401_0,NA,NA,1,NA,NA,NA,NA
nhnw_bin.40.fa.gz,68.77405269920284,NA,NA,NA,NA,NA,402_0,NA,NA,1,NA,NA,NA,NA
nhnw_bin.111.fa.gz,92.46487877304548,NA,NA,NA,NA,NA,403_0,NA,NA,1,NA,NA,NA,NA
nhnw_bin.461.fa.gz,74.98242224682772,NA,NA,NA,NA,NA,404_0,NA,NA,1,NA,NA,NA,NA
nhnw_bin.266.fa.gz,77.06220944656316,NA,NA,NA,NA,NA,405_0,NA,NA,1,NA,NA,NA,NA
nhnw_bin.323.fa.gz,68.02454993587885,NA,NA,NA,NA,NA,406_0,NA,NA,1,NA,NA,NA,NA
nhnw_bin.182.fa.gz,69.84608817223949,NA,NA,NA,NA,NA,407_0,NA,NA,1,NA,NA,NA,NA
nhnw_bin.184.fa.gz,57.43700834056022,NA,NA,NA,NA,NA,408_0,NA,NA,1,NA,NA,NA,NA
nhnw_bin.491.fa.gz,84.09690861198372,NA,NA,NA,NA,NA,409_0,NA,NA,1,NA,NA,NA,NA
EHA04823_bin.55.fa.gz,97.61213290007385,NA,NA,NA,NA,NA,410_1,NA,NA,1,NA,NA,NA,NA
nhnw_bin.390.fa.gz,89.46695288510875,NA,NA,NA,NA,NA,410_2,NA,NA,1,NA,NA,NA,NA
nhnw_bin.542.fa.gz,90.12110436374012,NA,NA,NA,NA,NA,411_0,NA,NA,1,NA,NA,NA,NA
nhnw_bin.425.fa.gz,67.84582694358845,NA,NA,NA,NA,NA,412_0,NA,NA,1,NA,NA,NA,NA
nhnw_bin.442.fa.gz,63.83537425169049,NA,NA,NA,NA,NA,413_0,NA,NA,1,NA,NA,NA,NA
nhnw_bin.400.fa.gz,59.22264071690581,NA,NA,NA,NA,NA,414_0,NA,NA,1,NA,NA,NA,NA
nhnw_bin.242.fa.gz,49.344777795493,NA,NA,NA,NA,NA,415_0,NA,NA,1,NA,NA,NA,NA
nhnw_bin.257.fa.gz,81.81874415035266,NA,NA,NA,NA,NA,416_0,NA,NA,1,NA,NA,NA,NA
nhnw_bin.493.fa.gz,80.47644906543933,NA,NA,NA,NA,NA,417_0,NA,NA,1,NA,NA,NA,NA
EHA04823_bin.67.fa.gz,64.56057107882972,NA,NA,NA,NA,NA,418_0,NA,NA,1,NA,NA,NA,NA
nhnw_bin.219.fa.gz,84.314391609055,NA,NA,NA,NA,NA,419_0,NA,NA,1,NA,NA,NA,NA
nhnw_bin.251.fa.gz,69.30042599104398,NA,NA,NA,NA,NA,420_0,NA,NA,1,NA,NA,NA,NA
nhnw_bin.416.fa.gz,92.79534691634328,NA,NA,NA,NA,NA,421_0,NA,NA,1,NA,NA,NA,NA
nhnw_bin.484.fa.gz,65.54632945758577,NA,NA,NA,NA,NA,422_0,NA,NA,1,NA,NA,NA,NA
nhnw_bin.130.fa.gz,86.97616185917866,NA,NA,NA,NA,NA,423_0,NA,NA,1,NA,NA,NA,NA
nhnw_bin.498.fa.gz,96.02766561460362,NA,NA,NA,NA,NA,424_0,NA,NA,1,NA,NA,NA,NA
nhnw_bin.586.fa.gz,87.63618304124044,NA,NA,NA,NA,NA,425_0,NA,NA,1,NA,NA,NA,NA
nhnw_bin.190.fa.gz,59.87908663108512,NA,NA,NA,NA,NA,426_0,NA,NA,1,NA,NA,NA,NA
nhnw_bin.600.fa.gz,97.1330438532305,NA,NA,NA,NA,NA,427_0,NA,NA,1,NA,NA,NA,NA
nhnw_bin.46.fa.gz,65.37662610571522,NA,NA,NA,NA,NA,428_0,NA,NA,1,NA,NA,NA,NA
nhnw_bin.383.fa.gz,85.6541166684609,NA,NA,NA,NA,NA,429_0,NA,NA,1,NA,NA,NA,NA
nhnw_bin.384.fa.gz,79.42088595375701,NA,NA,NA,NA,NA,430_0,NA,NA,1,NA,NA,NA,NA
nhnw_bin.476.fa.gz,82.41747488030772,NA,NA,NA,NA,NA,431_0,NA,NA,1,NA,NA,NA,NA
nhnw_bin.588.fa.gz,80.56262301754032,NA,NA,NA,NA,NA,432_0,NA,NA,1,NA,NA,NA,NA
nhnw_bin.180.fa.gz,88.71226371834979,NA,NA,NA,NA,NA,433_0,NA,NA,1,NA,NA,NA,NA
nhnw_bin.468.fa.gz,80.31261489149026,NA,NA,NA,NA,NA,434_0,NA,NA,1,NA,NA,NA,NA
nhnw_bin.386.fa.gz,72.14726809318621,NA,NA,NA,NA,NA,435_0,NA,NA,1,NA,NA,NA,NA
nhnw_bin.446.fa.gz,76.5494878361366,NA,NA,NA,NA,NA,436_0,NA,NA,1,NA,NA,NA,NA
nhnw_bin.146.fa.gz,74.35116692961863,NA,NA,NA,NA,NA,437_0,NA,NA,1,NA,NA,NA,NA
EHA04750_bin.36.fa.gz,100.38782733847847,NA,NA,NA,NA,NA,438_1,NA,NA,1,NA,NA,NA,NA
EHA04823_bin.269.fa.gz,95.22979170753194,NA,NA,NA,NA,NA,438_2,NA,NA,1,NA,NA,NA,NA
EHA04815_bin.117.fa.gz,90.83353492882812,NA,NA,NA,NA,NA,439_1,NA,NA,1,NA,NA,NA,NA
nhnw_bin.568.fa.gz,72.38543046732512,NA,NA,NA,NA,NA,439_2,NA,NA,1,NA,NA,NA,NA
EHA04823_bin.47.fa.gz,84.22928978805788,NA,NA,NA,NA,NA,439_3,NA,NA,1,NA,NA,NA,NA
EHA04749_bin.45.fa.gz,98.53777022227736,NA,NA,NA,NA,NA,440_0,NA,NA,1,NA,NA,NA,NA
nhnw_bin.79.fa.gz,86.48463518441763,NA,NA,NA,NA,NA,441_1,NA,NA,2,97.63,97.63,NA,NA
nhnw_bin.230.fa.gz,81.29194082388152,NA,NA,NA,NA,NA,442_0,NA,NA,1,NA,NA,NA,NA
nhnw_bin.238.fa.gz,61.85627067190232,NA,NA,NA,NA,NA,443_0,NA,NA,1,NA,NA,NA,NA
nhnw_bin.559.fa.gz,84.05591262452042,NA,NA,NA,NA,NA,444_0,NA,NA,1,NA,NA,NA,NA
nhnw_bin.478.fa.gz,83.61961770109936,NA,NA,NA,NA,NA,445_0,NA,NA,1,NA,NA,NA,NA
nhnw_bin.161.fa.gz,80.19170901876103,NA,NA,NA,NA,NA,446_0,NA,NA,1,NA,NA,NA,NA
nhnw_bin.65.fa.gz,88.92423370715413,NA,NA,NA,NA,NA,447_0,NA,NA,1,NA,NA,NA,NA
nhnw_bin.597.fa.gz,79.79525230332274,NA,NA,NA,NA,NA,448_0,NA,NA,1,NA,NA,NA,NA
nhnw_bin.222.fa.gz,83.84861166568126,NA,NA,NA,NA,NA,449_0,NA,NA,1,NA,NA,NA,NA
EHA04749_bin.18.fa.gz,101.06284792984492,NA,NA,NA,NA,NA,450_0,NA,NA,1,NA,NA,NA,NA
nhnw_bin.406.fa.gz,89.983733094203,NA,NA,NA,NA,NA,451_0,NA,NA,1,NA,NA,NA,NA
EHA04815_bin.74.fa.gz,38.90039390925366,NA,NA,NA,NA,NA,452_0,NA,NA,1,NA,NA,NA,NA
nhnw_bin.357.fa.gz,76.62906057516875,NA,NA,NA,NA,NA,453_0,NA,NA,1,NA,NA,NA,NA
EHA04815_bin.46.fa.gz,87.83019260046203,NA,NA,NA,NA,NA,454_1,NA,NA,1,NA,NA,NA,NA
nhnw_bin.104.fa.gz,58.26707529859304,NA,NA,NA,NA,NA,454_2,NA,NA,1,NA,NA,NA,NA
EHA04815_bin.112.fa.gz,97.09788053669028,NA,NA,NA,NA,NA,455_0,NA,NA,1,NA,NA,NA,NA
nhnw_bin.137.fa.gz,92.47300294625406,NA,NA,NA,NA,NA,456_0,NA,NA,1,NA,NA,NA,NA
nhnw_bin.305.fa.gz,85.67156414656256,NA,NA,NA,NA,NA,457_0,NA,NA,1,NA,NA,NA,NA
nhnw_bin.8.fa.gz,82.96885150486318,NA,NA,NA,NA,NA,458_0,NA,NA,1,NA,NA,NA,NA
nhnw_bin.330.fa.gz,99.85384675119433,NA,NA,NA,NA,NA,459_0,NA,NA,1,NA,NA,NA,NA
nhnw_bin.533.fa.gz,75.77406619996044,NA,NA,NA,NA,NA,460_0,NA,NA,1,NA,NA,NA,NA
nhnw_bin.132.fa.gz,83.40209712590793,NA,NA,NA,NA,NA,461_0,NA,NA,1,NA,NA,NA,NA
nhnw_bin.573.fa.gz,96.22107186035564,NA,NA,NA,NA,NA,462_0,NA,NA,1,NA,NA,NA,NA
EHA04823_bin.158.fa.gz,97.38652440254424,NA,NA,NA,NA,NA,463_1,NA,NA,1,NA,NA,NA,NA
nhnw_bin.414.fa.gz,85.98842739925104,NA,NA,NA,NA,NA,463_2,NA,NA,1,NA,NA,NA,NA
EHA04815_bin.184.fa.gz,78.1496626503924,NA,NA,NA,NA,NA,463_3,NA,NA,1,NA,NA,NA,NA
EHA04823_bin.166.fa.gz,88.55402420495581,NA,NA,NA,NA,NA,464_0,NA,NA,1,NA,NA,NA,NA
nhnw_bin.226.fa.gz,87.59012146456445,NA,NA,NA,NA,NA,465_0,NA,NA,1,NA,NA,NA,NA
nhnw_bin.343.fa.gz,67.12228737764741,NA,NA,NA,NA,NA,466_0,NA,NA,1,NA,NA,NA,NA
nhnw_bin.511.fa.gz,88.97601173368534,NA,NA,NA,NA,NA,467_0,NA,NA,1,NA,NA,NA,NA
EHA04823_bin.254.fa.gz,83.59187683437791,NA,NA,NA,NA,NA,468_1,NA,NA,1,NA,NA,NA,NA
nhnw_bin.124.fa.gz,85.51227391698185,NA,NA,NA,NA,NA,468_2,NA,NA,1,NA,NA,NA,NA
nhnw_bin.401.fa.gz,74.93607515267048,NA,NA,NA,NA,NA,469_0,NA,NA,1,NA,NA,NA,NA
nhnw_bin.224.fa.gz,92.25625088160736,NA,NA,NA,NA,NA,470_0,NA,NA,1,NA,NA,NA,NA
EHA04815_bin.77.fa.gz,91.47844997549146,NA,NA,NA,NA,NA,471_0,NA,NA,1,NA,NA,NA,NA
nhnw_bin.436.fa.gz,70.17925084443362,NA,NA,NA,NA,NA,472_0,NA,NA,1,NA,NA,NA,NA
nhnw_bin.557.fa.gz,92.0958635396711,NA,NA,NA,NA,NA,473_0,NA,NA,1,NA,NA,NA,NA
nhnw_bin.307.fa.gz,69.59638221052538,NA,NA,NA,NA,NA,474_0,NA,NA,1,NA,NA,NA,NA
nhnw_bin.391.fa.gz,78.83936561531767,NA,NA,NA,NA,NA,475_0,NA,NA,1,NA,NA,NA,NA
nhnw_bin.282.fa.gz,77.01812293848654,NA,NA,NA,NA,NA,476_0,NA,NA,1,NA,NA,NA,NA
nhnw_bin.523.fa.gz,75.73266660329725,NA,NA,NA,NA,NA,477_0,NA,NA,1,NA,NA,NA,NA
nhnw_bin.107.fa.gz,97.47647012739696,NA,NA,NA,NA,NA,478_0,NA,NA,1,NA,NA,NA,NA
nhnw_bin.392.fa.gz,91.590021394395,NA,NA,NA,NA,NA,479_0,NA,NA,1,NA,NA,NA,NA
EHA04823_bin.223.fa.gz,89.61048591209548,NA,NA,NA,NA,NA,480_0,NA,NA,1,NA,NA,NA,NA
EHA04823_bin.225.fa.gz,96.03274063285028,NA,NA,NA,NA,NA,481_0,NA,NA,1,NA,NA,NA,NA
nhnw_bin.311.fa.gz,90.3903949888494,NA,NA,NA,NA,NA,482_0,NA,NA,1,NA,NA,NA,NA
nhnw_bin.15.fa.gz,73.79352502097363,NA,NA,NA,NA,NA,483_0,NA,NA,1,NA,NA,NA,NA
nhnw_bin.203.fa.gz,79.06391542497173,NA,NA,NA,NA,NA,484_0,NA,NA,1,NA,NA,NA,NA
EHA04815_bin.152.fa.gz,23.58612317050166,NA,NA,NA,NA,NA,485_0,NA,NA,1,NA,NA,NA,NA
EHA04823_bin.236.fa.gz,80.03535994393165,NA,NA,NA,NA,NA,486_0,NA,NA,1,NA,NA,NA,NA
nhnw_bin.38.fa.gz,100.81436041494663,NA,NA,NA,NA,NA,487_0,NA,NA,1,NA,NA,NA,NA
nhnw_bin.294.fa.gz,96.60282857443012,NA,NA,NA,NA,NA,488_0,NA,NA,1,NA,NA,NA,NA
nhnw_bin.429.fa.gz,66.3427361016532,NA,NA,NA,NA,NA,489_0,NA,NA,1,NA,NA,NA,NA
nhnw_bin.456.fa.gz,39.52204167129248,NA,NA,NA,NA,NA,490_0,NA,NA,1,NA,NA,NA,NA
nhnw_bin.518.fa.gz,88.41754574916219,NA,NA,NA,NA,NA,491_0,NA,NA,1,NA,NA,NA,NA
nhnw_bin.155.fa.gz,86.87826965518849,NA,NA,NA,NA,NA,492_0,NA,NA,1,NA,NA,NA,NA
nhnw_bin.202.fa.gz,91.97378531328468,NA,NA,NA,NA,NA,493_0,NA,NA,1,NA,NA,NA,NA
nhnw_bin.393.fa.gz,95.48946733648008,NA,NA,NA,NA,NA,494_0,NA,NA,1,NA,NA,NA,NA
EHA04823_bin.248.fa.gz,58.42055147090742,NA,NA,NA,NA,NA,495_0,NA,NA,1,NA,NA,NA,NA
nhnw_bin.467.fa.gz,98.8876676184254,NA,NA,NA,NA,NA,496_0,NA,NA,1,NA,NA,NA,NA
nhnw_bin.486.fa.gz,76.27145409748564,NA,NA,NA,NA,NA,497_0,NA,NA,1,NA,NA,NA,NA
EHA04744_bin.6.fa.gz,97.63453027496504,NA,NA,NA,NA,NA,498_1,NA,NA,1,NA,NA,NA,NA
EHA04749_bin.20.fa.gz,40.569782750440254,NA,NA,NA,NA,NA,498_2,NA,NA,1,NA,NA,NA,NA
EHA04815_bin.128.fa.gz,72.45568811958483,NA,NA,NA,NA,NA,499_0,NA,NA,1,NA,NA,NA,NA
nhnw_bin.131.fa.gz,81.42880796180917,NA,NA,NA,NA,NA,500_0,NA,NA,1,NA,NA,NA,NA
nhnw_bin.530.fa.gz,74.21019371796058,NA,NA,NA,NA,NA,501_0,NA,NA,1,NA,NA,NA,NA
nhnw_bin.198.fa.gz,77.74515653470117,NA,NA,NA,NA,NA,502_0,NA,NA,1,NA,NA,NA,NA
nhnw_bin.205.fa.gz,46.497263357193575,NA,NA,NA,NA,NA,503_0,NA,NA,1,NA,NA,NA,NA
nhnw_bin.371.fa.gz,76.07750672513612,NA,NA,NA,NA,NA,504_0,NA,NA,1,NA,NA,NA,NA
nhnw_bin.284.fa.gz,76.73822309682338,NA,NA,NA,NA,NA,505_0,NA,NA,1,NA,NA,NA,NA
nhnw_bin.569.fa.gz,83.49132625486418,NA,NA,NA,NA,NA,506_0,NA,NA,1,NA,NA,NA,NA
nhnw_bin.237.fa.gz,70.37881564707628,NA,NA,NA,NA,NA,507_0,NA,NA,1,NA,NA,NA,NA
nhnw_bin.36.fa.gz,81.56527109471914,NA,NA,NA,NA,NA,508_0,NA,NA,1,NA,NA,NA,NA
nhnw_bin.576.fa.gz,72.87363092484627,NA,NA,NA,NA,NA,509_0,NA,NA,1,NA,NA,NA,NA
EHA04815_bin.119.fa.gz,86.18364752734686,NA,NA,NA,NA,NA,510_0,NA,NA,1,NA,NA,NA,NA
nhnw_bin.496.fa.gz,62.759785989687856,NA,NA,NA,NA,NA,511_0,NA,NA,1,NA,NA,NA,NA
EHA04823_bin.35.fa.gz,98.58514235125632,NA,NA,NA,NA,NA,512_1,NA,NA,1,NA,NA,NA,NA
nhnw_bin.125.fa.gz,101.03434978634338,NA,NA,NA,NA,NA,512_2,NA,NA,1,NA,NA,NA,NA
nhnw_bin.317.fa.gz,82.0829958544672,NA,NA,NA,NA,NA,513_0,NA,NA,1,NA,NA,NA,NA
nhnw_bin.326.fa.gz,90.02204092412605,NA,NA,NA,NA,NA,514_0,NA,NA,1,NA,NA,NA,NA
nhnw_bin.29.fa.gz,86.94994916216501,NA,NA,NA,NA,NA,515_0,NA,NA,1,NA,NA,NA,NA
EHA04823_bin.45.fa.gz,86.45100126926796,NA,NA,NA,NA,NA,516_1,NA,NA,1,NA,NA,NA,NA
nhnw_bin.320.fa.gz,94.19540762769628,NA,NA,NA,NA,NA,516_2,NA,NA,1,NA,NA,NA,NA
EHA04815_bin.181.fa.gz,92.216425956239,NA,NA,NA,NA,NA,517_0,NA,NA,1,NA,NA,NA,NA
nhnw_bin.69.fa.gz,92.20639391953624,NA,NA,NA,NA,NA,518_0,NA,NA,1,NA,NA,NA,NA
nhnw_bin.264.fa.gz,77.29919482438521,NA,NA,NA,NA,NA,519_0,NA,NA,1,NA,NA,NA,NA
nhnw_bin.589.fa.gz,87.84332286012047,NA,NA,NA,NA,NA,520_0,NA,NA,1,NA,NA,NA,NA
nhnw_bin.159.fa.gz,100.43687335469716,NA,NA,NA,NA,NA,521_0,NA,NA,1,NA,NA,NA,NA
nhnw_bin.58.fa.gz,94.86185046269482,NA,NA,NA,NA,NA,522_0,NA,NA,1,NA,NA,NA,NA
EHA04823_bin.18.fa.gz,61.975408421324886,NA,NA,NA,NA,NA,523_0,NA,NA,1,NA,NA,NA,NA
nhnw_bin.27.fa.gz,63.22151153396185,NA,NA,NA,NA,NA,524_0,NA,NA,1,NA,NA,NA,NA
EHA04823_bin.25.fa.gz,39.60595094536586,NA,NA,NA,NA,NA,525_1,NA,NA,1,NA,NA,NA,NA
nhnw_bin.580.fa.gz,58.56129513047009,NA,NA,NA,NA,NA,525_2,NA,NA,1,NA,NA,NA,NA
nhnw_bin.35.fa.gz,75.68024434991834,NA,NA,NA,NA,NA,526_0,NA,NA,1,NA,NA,NA,NA
nhnw_bin.90.fa.gz,99.4258553789752,NA,NA,NA,NA,NA,527_0,NA,NA,1,NA,NA,NA,NA
EHA04815_bin.114.fa.gz,88.79052754242669,NA,NA,NA,NA,NA,528_0,NA,NA,1,NA,NA,NA,NA
EHA04815_bin.120.fa.gz,92.20636622961158,NA,NA,NA,NA,NA,529_0,NA,NA,1,NA,NA,NA,NA
nhnw_bin.114.fa.gz,90.15990087581224,NA,NA,NA,NA,NA,530_0,NA,NA,1,NA,NA,NA,NA
nhnw_bin.303.fa.gz,92.37213813461204,NA,NA,NA,NA,NA,531_0,NA,NA,1,NA,NA,NA,NA
nhnw_bin.78.fa.gz,91.31539701629173,NA,NA,NA,NA,NA,532_0,NA,NA,1,NA,NA,NA,NA
EHA04823_bin.148.fa.gz,76.53168009410587,NA,NA,NA,NA,NA,533_1,NA,NA,1,NA,NA,NA,NA
nhnw_bin.173.fa.gz,100.4825974546164,NA,NA,NA,NA,NA,533_2,NA,NA,1,NA,NA,NA,NA
EHA04815_bin.145.fa.gz,61.21475532156874,NA,NA,NA,NA,NA,534_0,NA,NA,1,NA,NA,NA,NA
EHA04815_bin.144.fa.gz,72.71388172181078,NA,NA,NA,NA,NA,535_0,NA,NA,1,NA,NA,NA,NA
nhnw_bin.540.fa.gz,93.78350761928895,NA,NA,NA,NA,NA,536_0,NA,NA,1,NA,NA,NA,NA
EHA04823_bin.110.fa.gz,75.03757472888672,NA,NA,NA,NA,NA,537_1,NA,NA,1,NA,NA,NA,NA
nhnw_bin.405.fa.gz,73.29893467944633,NA,NA,NA,NA,NA,537_2,NA,NA,1,NA,NA,NA,NA
EHA04815_bin.32.fa.gz,99.40341609413716,NA,NA,NA,NA,NA,538_0,NA,NA,1,NA,NA,NA,NA
nhnw_bin.571.fa.gz,96.53567486820256,NA,NA,NA,NA,NA,539_0,NA,NA,1,NA,NA,NA,NA
EHA04815_bin.139.fa.gz,76.33125204484531,NA,NA,NA,NA,NA,540_1,NA,NA,1,NA,NA,NA,NA
nhnw_bin.385.fa.gz,89.8753666173059,NA,NA,NA,NA,NA,540_2,NA,NA,1,NA,NA,NA,NA
EHA04823_bin.79.fa.gz,65.55690901525676,NA,NA,NA,NA,NA,540_3,NA,NA,1,NA,NA,NA,NA
EHA04815_bin.138.fa.gz,74.81618199089336,NA,NA,NA,NA,NA,541_0,NA,NA,1,NA,NA,NA,NA
EHA04823_bin.156.fa.gz,66.19470208012935,NA,NA,NA,NA,NA,542_0,NA,NA,1,NA,NA,NA,NA
EHA04823_bin.213.fa.gz,81.64720898749788,NA,NA,NA,NA,NA,543_1,NA,NA,1,NA,NA,NA,NA
nhnw_bin.291.fa.gz,81.93613861656317,NA,NA,NA,NA,NA,543_2,NA,NA,1,NA,NA,NA,NA
EHA04748_bin.12.fa.gz,98.91254383512796,NA,NA,NA,NA,NA,544_0,NA,NA,1,NA,NA,NA,NA
EHA04823_bin.198.fa.gz,50.34699085195707,NA,NA,NA,NA,NA,545_0,NA,NA,1,NA,NA,NA,NA
nhnw_bin.188.fa.gz,97.41788896112374,NA,NA,NA,NA,NA,546_0,NA,NA,1,NA,NA,NA,NA
EHA04815_bin.192.fa.gz,44.903633545779904,NA,NA,NA,NA,NA,547_0,NA,NA,1,NA,NA,NA,NA
nhnw_bin.217.fa.gz,61.90138830744173,NA,NA,NA,NA,NA,548_0,NA,NA,1,NA,NA,NA,NA
nhnw_bin.214.fa.gz,92.84971333456666,NA,NA,NA,NA,NA,549_0,NA,NA,1,NA,NA,NA,NA
EHA04823_bin.74.fa.gz,71.76250180050744,NA,NA,NA,NA,NA,550_1,NA,NA,1,NA,NA,NA,NA
nhnw_bin.45.fa.gz,93.02004254252294,NA,NA,NA,NA,NA,550_2,NA,NA,1,NA,NA,NA,NA
EHA04750_bin.22.fa.gz,97.95455791344756,NA,NA,NA,NA,NA,551_0,NA,NA,1,NA,NA,NA,NA
EHA04815_bin.19.fa.gz,84.84972692537802,NA,NA,NA,NA,NA,552_0,NA,NA,1,NA,NA,NA,NA
EHA04823_bin.114.fa.gz,75.95983216010119,NA,NA,NA,NA,NA,553_0,NA,NA,1,NA,NA,NA,NA
EHA04815_bin.31.fa.gz,69.30574291962432,NA,NA,NA,NA,NA,554_0,NA,NA,1,NA,NA,NA,NA
nhnw_bin.136.fa.gz,86.41984240389428,NA,NA,NA,NA,NA,555_0,NA,NA,1,NA,NA,NA,NA
EHA04823_bin.170.fa.gz,79.55023413491108,NA,NA,NA,NA,NA,556_1,NA,NA,1,NA,NA,NA,NA
nhnw_bin.54.fa.gz,90.55814685485264,NA,NA,NA,NA,NA,556_2,NA,NA,1,NA,NA,NA,NA
EHA04815_bin.9.fa.gz,81.18383221586943,NA,NA,NA,NA,NA,557_0,NA,NA,1,NA,NA,NA,NA
nhnw_bin.24.fa.gz,83.24422058363918,NA,NA,NA,NA,NA,558_0,NA,NA,1,NA,NA,NA,NA
nhnw_bin.377.fa.gz,72.37076176108407,NA,NA,NA,NA,NA,559_0,NA,NA,1,NA,NA,NA,NA
EHA04823_bin.91.fa.gz,86.16306748931768,NA,NA,NA,NA,NA,560_0,NA,NA,1,NA,NA,NA,NA
nhnw_bin.423.fa.gz,99.23120936981026,NA,NA,NA,NA,NA,561_0,NA,NA,1,NA,NA,NA,NA
EHA04747_bin.24.fa.gz,100.52540842132488,NA,NA,NA,NA,NA,562_0,NA,NA,1,NA,NA,NA,NA
EHA04823_bin.54.fa.gz,92.62579438259336,NA,NA,NA,NA,NA,563_0,NA,NA,1,NA,NA,NA,NA
EHA04815_bin.134.fa.gz,96.50704551568836,NA,NA,NA,NA,NA,564_1,NA,NA,2,98.96,98.96,NA,NA
nhnw_bin.49.fa.gz,95.30376694377898,NA,NA,NA,NA,NA,565_0,NA,NA,1,NA,NA,NA,NA
EHA04815_bin.160.fa.gz,92.86916100987794,NA,NA,NA,NA,NA,566_0,NA,NA,1,NA,NA,NA,NA
EHA04823_bin.22.fa.gz,75.0189406038583,NA,NA,NA,NA,NA,567_0,NA,NA,1,NA,NA,NA,NA
EHA04823_bin.246.fa.gz,94.56167180956524,NA,NA,NA,NA,NA,568_0,NA,NA,1,NA,NA,NA,NA
nhnw_bin.169.fa.gz,64.12905963459714,NA,NA,NA,NA,NA,569_0,NA,NA,1,NA,NA,NA,NA
EHA04823_bin.56.fa.gz,67.17019554920122,NA,NA,NA,NA,NA,570_0,NA,NA,1,NA,NA,NA,NA
nhnw_bin.99.fa.gz,56.08613168284063,NA,NA,NA,NA,NA,571_0,NA,NA,1,NA,NA,NA,NA
EHA04815_bin.90.fa.gz,97.7294937734338,NA,NA,NA,NA,NA,572_0,NA,NA,1,NA,NA,NA,NA
EHA04823_bin.253.fa.gz,94.220977222235,NA,NA,NA,NA,NA,573_0,NA,NA,1,NA,NA,NA,NA
nhnw_bin.487.fa.gz,89.59266158264035,NA,NA,NA,NA,NA,574_0,NA,NA,1,NA,NA,NA,NA
nhnw_bin.235.fa.gz,82.96910177557488,NA,NA,NA,NA,NA,575_0,NA,NA,1,NA,NA,NA,NA
nhnw_bin.96.fa.gz,89.99029760374466,NA,NA,NA,NA,NA,576_0,NA,NA,1,NA,NA,NA,NA
EHA04823_bin.179.fa.gz,87.2898435413092,NA,NA,NA,NA,NA,577_1,NA,NA,1,NA,NA,NA,NA
nhnw_bin.494.fa.gz,84.02944559664583,NA,NA,NA,NA,NA,577_2,NA,NA,1,NA,NA,NA,NA
EHA04815_bin.65.fa.gz,91.642805862451,NA,NA,NA,NA,NA,578_0,NA,NA,1,NA,NA,NA,NA
nhnw_bin.363.fa.gz,71.72308495113916,NA,NA,NA,NA,NA,579_0,NA,NA,1,NA,NA,NA,NA
nhnw_bin.584.fa.gz,75.92978417749481,NA,NA,NA,NA,NA,580_0,NA,NA,1,NA,NA,NA,NA
nhnw_bin.110.fa.gz,65.5059904650047,NA,NA,NA,NA,NA,581_0,NA,NA,1,NA,NA,NA,NA
nhnw_bin.115.fa.gz,41.6236573428324,NA,NA,NA,NA,NA,582_0,NA,NA,1,NA,NA,NA,NA
nhnw_bin.183.fa.gz,60.47886263420031,NA,NA,NA,NA,NA,583_0,NA,NA,1,NA,NA,NA,NA
nhnw_bin.85.fa.gz,60.17848239849487,NA,NA,NA,NA,NA,584_0,NA,NA,1,NA,NA,NA,NA
nhnw_bin.53.fa.gz,68.56858469713627,NA,NA,NA,NA,NA,585_0,NA,NA,1,NA,NA,NA,NA
EHA04823_bin.113.fa.gz,95.2654738395501,NA,NA,NA,NA,NA,586_0,NA,NA,1,NA,NA,NA,NA
EHA04823_bin.169.fa.gz,70.41331709946878,NA,NA,NA,NA,NA,587_0,NA,NA,1,NA,NA,NA,NA
EHA04823_bin.149.fa.gz,90.4134111897496,NA,NA,NA,NA,NA,588_1,NA,NA,1,NA,NA,NA,NA
nhnw_bin.369.fa.gz,78.41136935467556,NA,NA,NA,NA,NA,588_2,NA,NA,1,NA,NA,NA,NA
EHA04815_bin.115.fa.gz,91.3404667890636,NA,NA,NA,NA,NA,589_0,NA,NA,1,NA,NA,NA,NA
EHA04815_bin.52.fa.gz,93.35904730327984,NA,NA,NA,NA,NA,590_0,NA,NA,1,NA,NA,NA,NA
nhnw_bin.246.fa.gz,89.91798198111155,NA,NA,NA,NA,NA,591_0,NA,NA,1,NA,NA,NA,NA
EHA04823_bin.150.fa.gz,64.27925345758416,NA,NA,NA,NA,NA,592_0,NA,NA,1,NA,NA,NA,NA
EHA04823_bin.48.fa.gz,93.10883550647831,NA,NA,NA,NA,NA,593_0,NA,NA,1,NA,NA,NA,NA
nhnw_bin.47.fa.gz,89.12453400588116,NA,NA,NA,NA,NA,594_0,NA,NA,1,NA,NA,NA,NA
EHA04823_bin.201.fa.gz,77.22858931899972,NA,NA,NA,NA,NA,595_0,NA,NA,1,NA,NA,NA,NA
EHA04823_bin.51.fa.gz,93.86712125471966,NA,NA,NA,NA,NA,596_0,NA,NA,1,NA,NA,NA,NA
EHA04823_bin.202.fa.gz,92.17725364772144,NA,NA,NA,NA,NA,597_0,NA,NA,1,NA,NA,NA,NA
EHA04815_bin.146.fa.gz,96.3230532786452,NA,NA,NA,NA,NA,598_1,NA,NA,1,NA,NA,NA,NA
EHA04823_bin.199.fa.gz,72.16023696812883,NA,NA,NA,NA,NA,598_2,NA,NA,1,NA,NA,NA,NA
EHA04815_bin.190.fa.gz,76.21849649094536,NA,NA,NA,NA,NA,599_1,NA,NA,1,NA,NA,NA,NA
nhnw_bin.529.fa.gz,89.35651593674042,NA,NA,NA,NA,NA,599_2,NA,NA,1,NA,NA,NA,NA
EHA04823_bin.217.fa.gz,89.04827382242837,NA,NA,NA,NA,NA,600_0,NA,NA,1,NA,NA,NA,NA
nhnw_bin.292.fa.gz,91.55498460475,NA,NA,NA,NA,NA,601_0,NA,NA,1,NA,NA,NA,NA
EHA04815_bin.147.fa.gz,90.4990065567328,NA,NA,NA,NA,NA,602_0,NA,NA,1,NA,NA,NA,NA
nhnw_bin.473.fa.gz,72.41950725909255,NA,NA,NA,NA,NA,603_0,NA,NA,1,NA,NA,NA,NA
EHA04823_bin.200.fa.gz,88.22746579676422,NA,NA,NA,NA,NA,604_0,NA,NA,1,NA,NA,NA,NA
nhnw_bin.341.fa.gz,69.16630752492459,NA,NA,NA,NA,NA,605_0,NA,NA,1,NA,NA,NA,NA
nhnw_bin.463.fa.gz,84.41065564757999,NA,NA,NA,NA,NA,606_0,NA,NA,1,NA,NA,NA,NA
nhnw_bin.403.fa.gz,98.68298076787232,NA,NA,NA,NA,NA,607_0,NA,NA,1,NA,NA,NA,NA
nhnw_bin.421.fa.gz,90.14771403568967,NA,NA,NA,NA,NA,608_0,NA,NA,1,NA,NA,NA,NA
EHA04815_bin.109.fa.gz,72.39452776552616,NA,NA,NA,NA,NA,609_0,NA,NA,1,NA,NA,NA,NA
nhnw_bin.353.fa.gz,92.21077459826677,NA,NA,NA,NA,NA,610_0,NA,NA,1,NA,NA,NA,NA
nhnw_bin.57.fa.gz,91.46376923384682,NA,NA,NA,NA,NA,611_0,NA,NA,1,NA,NA,NA,NA
EHA04747_bin.9.fa.gz,96.80185181920896,NA,NA,NA,NA,NA,612_1,NA,NA,2,99.48,99.48,NA,NA
EHA04823_bin.59.fa.gz,70.0713652763307,NA,NA,NA,NA,NA,613_0,NA,NA,1,NA,NA,NA,NA
nhnw_bin.325.fa.gz,99.07806318537968,NA,NA,NA,NA,NA,614_0,NA,NA,1,NA,NA,NA,NA
nhnw_bin.209.fa.gz,83.20900356551954,NA,NA,NA,NA,NA,615_0,NA,NA,1,NA,NA,NA,NA
nhnw_bin.71.fa.gz,97.95925905152272,NA,NA,NA,NA,NA,616_0,NA,NA,1,NA,NA,NA,NA
EHA04748_bin.7.fa.gz,101.32884020197176,NA,NA,NA,NA,NA,617_0,NA,NA,1,NA,NA,NA,NA
EHA04823_bin.276.fa.gz,88.76187178217228,NA,NA,NA,NA,NA,618_0,NA,NA,1,NA,NA,NA,NA
EHA04823_bin.224.fa.gz,69.997899692132,NA,NA,NA,NA,NA,619_0,NA,NA,1,NA,NA,NA,NA
nhnw_bin.228.fa.gz,99.30053766181489,NA,NA,NA,NA,NA,620_0,NA,NA,1,NA,NA,NA,NA
EHA04815_bin.141.fa.gz,91.02776691011552,NA,NA,NA,NA,NA,621_0,NA,NA,1,NA,NA,NA,NA
EHA04749_bin.51.fa.gz,52.45061668500865,NA,NA,NA,NA,NA,622_1,NA,NA,1,NA,NA,NA,NA
EHA04750_bin.40.fa.gz,87.21857375181627,NA,NA,NA,NA,NA,622_2,NA,NA,1,NA,NA,NA,NA
EHA04815_bin.133.fa.gz,97.15631717565525,NA,NA,NA,NA,NA,623_0,NA,NA,1,NA,NA,NA,NA
nhnw_bin.560.fa.gz,95.0208558950854,NA,NA,NA,NA,NA,624_0,NA,NA,1,NA,NA,NA,NA
nhnw_bin.481.fa.gz,83.65301109004135,NA,NA,NA,NA,NA,625_0,NA,NA,1,NA,NA,NA,NA
EHA04823_bin.271.fa.gz,96.67111340908116,NA,NA,NA,NA,NA,626_0,NA,NA,1,NA,NA,NA,NA
EHA04823_bin.264.fa.gz,91.65202238399142,NA,NA,NA,NA,NA,627_0,NA,NA,1,NA,NA,NA,NA
nhnw_bin.262.fa.gz,77.14676722721556,NA,NA,NA,NA,NA,628_0,NA,NA,1,NA,NA,NA,NA
EHA04815_bin.76.fa.gz,99.48885207022995,NA,NA,NA,NA,NA,629_0,NA,NA,1,NA,NA,NA,NA
EHA04823_bin.266.fa.gz,47.95574925338506,NA,NA,NA,NA,NA,630_1,NA,NA,1,NA,NA,NA,NA
nhnw_bin.514.fa.gz,78.88592677954493,NA,NA,NA,NA,NA,630_2,NA,NA,1,NA,NA,NA,NA
EHA04815_bin.105.fa.gz,100.94774577430734,NA,NA,NA,NA,NA,631_0,NA,NA,1,NA,NA,NA,NA
nhnw_bin.244.fa.gz,98.0230004154049,NA,NA,NA,NA,NA,632_0,NA,NA,1,NA,NA,NA,NA
nhnw_bin.7.fa.gz,96.00681963922338,NA,NA,NA,NA,NA,633_0,NA,NA,1,NA,NA,NA,NA
nhnw_bin.261.fa.gz,95.96127233933368,NA,NA,NA,NA,NA,634_0,NA,NA,1,NA,NA,NA,NA
EHA04815_bin.140.fa.gz,77.95547486855027,NA,NA,NA,NA,NA,635_0,NA,NA,1,NA,NA,NA,NA
nhnw_bin.76.fa.gz,97.77679502938368,NA,NA,NA,NA,NA,636_0,NA,NA,1,NA,NA,NA,NA
nhnw_bin.396.fa.gz,74.89160165018538,NA,NA,NA,NA,NA,637_0,NA,NA,1,NA,NA,NA,NA
nhnw_bin.480.fa.gz,83.78733177044737,NA,NA,NA,NA,NA,638_0,NA,NA,1,NA,NA,NA,NA
nhnw_bin.299.fa.gz,83.73244892923067,NA,NA,NA,NA,NA,639_0,NA,NA,1,NA,NA,NA,NA
nhnw_bin.489.fa.gz,80.13836779917875,NA,NA,NA,NA,NA,640_0,NA,NA,1,NA,NA,NA,NA
nhnw_bin.450.fa.gz,92.97530492668884,NA,NA,NA,NA,NA,641_0,NA,NA,1,NA,NA,NA,NA
EHA04823_bin.203.fa.gz,97.8177408382451,NA,NA,NA,NA,NA,642_0,NA,NA,1,NA,NA,NA,NA
nhnw_bin.314.fa.gz,81.9144211441907,NA,NA,NA,NA,NA,643_0,NA,NA,1,NA,NA,NA,NA
nhnw_bin.431.fa.gz,95.03544989858676,NA,NA,NA,NA,NA,644_0,NA,NA,1,NA,NA,NA,NA
nhnw_bin.475.fa.gz,75.87345191968782,NA,NA,NA,NA,NA,645_0,NA,NA,1,NA,NA,NA,NA
nhnw_bin.21.fa.gz,84.71625078170689,NA,NA,NA,NA,NA,646_0,NA,NA,1,NA,NA,NA,NA
EHA04823_bin.249.fa.gz,96.47092558575872,NA,NA,NA,NA,NA,647_0,NA,NA,1,NA,NA,NA,NA
nhnw_bin.367.fa.gz,78.22728882802235,NA,NA,NA,NA,NA,648_0,NA,NA,1,NA,NA,NA,NA
nhnw_bin.216.fa.gz,45.3836948250646,NA,NA,NA,NA,NA,649_0,NA,NA,1,NA,NA,NA,NA
EHA04823_bin.243.fa.gz,68.15507465112512,NA,NA,NA,NA,NA,650_0,NA,NA,1,NA,NA,NA,NA
nhnw_bin.196.fa.gz,72.43472530906577,NA,NA,NA,NA,NA,651_0,NA,NA,1,NA,NA,NA,NA
EHA04823_bin.117.fa.gz,95.47048699071571,NA,NA,NA,NA,NA,652_0,NA,NA,1,NA,NA,NA,NA
nhnw_bin.129.fa.gz,92.32013673036994,NA,NA,NA,NA,NA,653_0,NA,NA,1,NA,NA,NA,NA
nhnw_bin.259.fa.gz,92.34385516363368,NA,NA,NA,NA,NA,654_0,NA,NA,1,NA,NA,NA,NA
EHA04748_bin.17.fa.gz,99.23302893530638,NA,NA,NA,NA,NA,655_0,NA,NA,1,NA,NA,NA,NA
EHA04823_bin.24.fa.gz,99.9899197080529,NA,NA,NA,NA,NA,656_0,NA,NA,1,NA,NA,NA,NA
EHA04815_bin.170.fa.gz,97.4283242896026,NA,NA,NA,NA,NA,657_0,NA,NA,1,NA,NA,NA,NA
nhnw_bin.379.fa.gz,54.36961686568269,NA,NA,NA,NA,NA,658_0,NA,NA,1,NA,NA,NA,NA
EHA04823_bin.174.fa.gz,60.24574621421276,NA,NA,NA,NA,NA,659_0,NA,NA,1,NA,NA,NA,NA
EHA04823_bin.189.fa.gz,55.73953911237348,NA,NA,NA,NA,NA,660_0,NA,NA,1,NA,NA,NA,NA
EHA04823_bin.258.fa.gz,88.90597701357007,NA,NA,NA,NA,NA,661_0,NA,NA,1,NA,NA,NA,NA
EHA04823_bin.277.fa.gz,88.87688119239367,NA,NA,NA,NA,NA,662_0,NA,NA,1,NA,NA,NA,NA
nhnw_bin.510.fa.gz,81.3822317916484,NA,NA,NA,NA,NA,663_1,NA,NA,2,99.53,99.53,NA,NA
EHA04823_bin.71.fa.gz,99.21540709675232,NA,NA,NA,NA,NA,664_0,NA,NA,1,NA,NA,NA,NA
EHA04823_bin.234.fa.gz,72.26989247276653,NA,NA,NA,NA,NA,665_0,NA,NA,1,NA,NA,NA,NA
EHA04815_bin.154.fa.gz,86.82231301447752,NA,NA,NA,NA,NA,666_0,NA,NA,1,NA,NA,NA,NA
EHA04823_bin.215.fa.gz,80.72947320245063,NA,NA,NA,NA,NA,667_0,NA,NA,1,NA,NA,NA,NA
EHA04823_bin.265.fa.gz,76.12094701598691,NA,NA,NA,NA,NA,668_0,NA,NA,1,NA,NA,NA,NA
nhnw_bin.147.fa.gz,50.25466564349186,NA,NA,NA,NA,NA,669_0,NA,NA,1,NA,NA,NA,NA
nhnw_bin.195.fa.gz,68.53282072662434,NA,NA,NA,NA,NA,670_0,NA,NA,1,NA,NA,NA,NA
nhnw_bin.462.fa.gz,79.33177005367399,NA,NA,NA,NA,NA,671_0,NA,NA,1,NA,NA,NA,NA
nhnw_bin.469.fa.gz,77.78347477048699,NA,NA,NA,NA,NA,672_0,NA,NA,1,NA,NA,NA,NA
EHA04815_bin.172.fa.gz,90.60543300563704,NA,NA,NA,NA,NA,673_0,NA,NA,1,NA,NA,NA,NA
EHA04823_bin.191.fa.gz,96.5382218815695,NA,NA,NA,NA,NA,674_0,NA,NA,1,NA,NA,NA,NA
EHA04823_bin.257.fa.gz,53.26179407507995,NA,NA,NA,NA,NA,675_0,NA,NA,1,NA,NA,NA,NA
EHA04823_bin.245.fa.gz,97.78829144584168,NA,NA,NA,NA,NA,676_0,NA,NA,1,NA,NA,NA,NA
nhnw_bin.408.fa.gz,73.7119435721302,NA,NA,NA,NA,NA,677_0,NA,NA,1,NA,NA,NA,NA
EHA04823_bin.216.fa.gz,94.17728491961432,NA,NA,NA,NA,NA,678_0,NA,NA,1,NA,NA,NA,NA
EHA04823_bin.244.fa.gz,70.46088943684103,NA,NA,NA,NA,NA,679_0,NA,NA,1,NA,NA,NA,NA
nhnw_bin.572.fa.gz,48.21859496323426,NA,NA,NA,NA,NA,680_0,NA,NA,1,NA,NA,NA,NA
nhnw_bin.64.fa.gz,77.60146077277227,NA,NA,NA,NA,NA,681_0,NA,NA,1,NA,NA,NA,NA
EHA04823_bin.194.fa.gz,76.78040718898013,NA,NA,NA,NA,NA,682_0,NA,NA,1,NA,NA,NA,NA
EHA04823_bin.220.fa.gz,88.47383350347376,NA,NA,NA,NA,NA,683_0,NA,NA,1,NA,NA,NA,NA
EHA04823_bin.195.fa.gz,84.99471517718348,NA,NA,NA,NA,NA,684_0,NA,NA,1,NA,NA,NA,NA
nhnw_bin.163.fa.gz,77.60270655003809,NA,NA,NA,NA,NA,685_0,NA,NA,1,NA,NA,NA,NA
EHA04823_bin.151.fa.gz,64.9497650324877,NA,NA,NA,NA,NA,686_0,NA,NA,1,NA,NA,NA,NA
EHA04823_bin.186.fa.gz,89.14146991325427,NA,NA,NA,NA,NA,687_0,NA,NA,1,NA,NA,NA,NA
nhnw_bin.277.fa.gz,78.95018665345802,NA,NA,NA,NA,NA,688_0,NA,NA,1,NA,NA,NA,NA
EHA04815_bin.155.fa.gz,76.44037804545088,NA,NA,NA,NA,NA,689_0,NA,NA,1,NA,NA,NA,NA
EHA04823_bin.190.fa.gz,69.90511251894182,NA,NA,NA,NA,NA,690_0,NA,NA,1,NA,NA,NA,NA
EHA04815_bin.201.fa.gz,66.62399657489371,NA,NA,NA,NA,NA,691_0,NA,NA,1,NA,NA,NA,NA
nhnw_bin.453.fa.gz,44.240396077069455,NA,NA,NA,NA,NA,692_0,NA,NA,1,NA,NA,NA,NA
nhnw_bin.449.fa.gz,98.52935467472128,NA,NA,NA,NA,NA,693_0,NA,NA,1,NA,NA,NA,NA
nhnw_bin.220.fa.gz,77.25735335000851,NA,NA,NA,NA,NA,694_0,NA,NA,1,NA,NA,NA,NA
nhnw_bin.582.fa.gz,80.88184992018482,NA,NA,NA,NA,NA,695_0,NA,NA,1,NA,NA,NA,NA
nhnw_bin.338.fa.gz,79.77533407253382,NA,NA,NA,NA,NA,696_0,NA,NA,1,NA,NA,NA,NA
nhnw_bin.483.fa.gz,78.02475750727132,NA,NA,NA,NA,NA,697_0,NA,NA,1,NA,NA,NA,NA
nhnw_bin.275.fa.gz,87.71534038114322,NA,NA,NA,NA,NA,698_0,NA,NA,1,NA,NA,NA,NA
nhnw_bin.492.fa.gz,76.28497503871691,NA,NA,NA,NA,NA,699_0,NA,NA,1,NA,NA,NA,NA
EHA04823_bin.168.fa.gz,86.92252587499699,NA,NA,NA,NA,NA,700_0,NA,NA,1,NA,NA,NA,NA
nhnw_bin.227.fa.gz,75.7688949146811,NA,NA,NA,NA,NA,701_0,NA,NA,1,NA,NA,NA,NA
EHA04823_bin.242.fa.gz,90.2825885604384,NA,NA,NA,NA,NA,702_0,NA,NA,1,NA,NA,NA,NA
nhnw_bin.524.fa.gz,97.04710409876662,NA,NA,NA,NA,NA,703_0,NA,NA,1,NA,NA,NA,NA
EHA04823_bin.167.fa.gz,92.6511053583006,NA,NA,NA,NA,NA,704_0,NA,NA,1,NA,NA,NA,NA
nhnw_bin.245.fa.gz,66.95067889272103,NA,NA,NA,NA,NA,705_0,NA,NA,1,NA,NA,NA,NA
nhnw_bin.179.fa.gz,84.70497303191875,NA,NA,NA,NA,NA,706_0,NA,NA,1,NA,NA,NA,NA
EHA04815_bin.130.fa.gz,47.65965556773615,NA,NA,NA,NA,NA,707_0,NA,NA,1,NA,NA,NA,NA
EHA04815_bin.131.fa.gz,49.28577809153823,NA,NA,NA,NA,NA,708_0,NA,NA,1,NA,NA,NA,NA
EHA04823_bin.141.fa.gz,73.83600848474806,NA,NA,NA,NA,NA,709_0,NA,NA,1,NA,NA,NA,NA
nhnw_bin.189.fa.gz,64.6211883211768,NA,NA,NA,NA,NA,710_0,NA,NA,1,NA,NA,NA,NA
EHA04815_bin.132.fa.gz,79.12989803058618,NA,NA,NA,NA,NA,711_0,NA,NA,1,NA,NA,NA,NA
EHA04815_bin.51.fa.gz,65.47784614141989,NA,NA,NA,NA,NA,712_0,NA,NA,1,NA,NA,NA,NA
nhnw_bin.422.fa.gz,83.01057653184482,NA,NA,NA,NA,NA,713_0,NA,NA,1,NA,NA,NA,NA
EHA04823_bin.281.fa.gz,54.39577978354541,NA,NA,NA,NA,NA,714_0,NA,NA,1,NA,NA,NA,NA
nhnw_bin.122.fa.gz,84.32634103428133,NA,NA,NA,NA,NA,715_0,NA,NA,1,NA,NA,NA,NA
nhnw_bin.506.fa.gz,59.775237485613175,NA,NA,NA,NA,NA,716_0,NA,NA,1,NA,NA,NA,NA
nhnw_bin.316.fa.gz,90.84942189605268,NA,NA,NA,NA,NA,717_0,NA,NA,1,NA,NA,NA,NA
EHA04823_bin.109.fa.gz,83.66716567463854,NA,NA,NA,NA,NA,718_1,NA,NA,1,NA,NA,NA,NA
nhnw_bin.519.fa.gz,66.45076434627285,NA,NA,NA,NA,NA,718_2,NA,NA,1,NA,NA,NA,NA
nhnw_bin.333.fa.gz,78.62628991755284,NA,NA,NA,NA,NA,719_0,NA,NA,1,NA,NA,NA,NA
EHA04823_bin.44.fa.gz,86.00581024134641,NA,NA,NA,NA,NA,720_1,NA,NA,1,NA,NA,NA,NA
nhnw_bin.598.fa.gz,89.12975961424397,NA,NA,NA,NA,NA,720_2,NA,NA,1,NA,NA,NA,NA
EHA04823_bin.38.fa.gz,81.20347827263653,NA,NA,NA,NA,NA,721_1,NA,NA,1,NA,NA,NA,NA
nhnw_bin.399.fa.gz,95.78495728619032,NA,NA,NA,NA,NA,721_2,NA,NA,1,NA,NA,NA,NA
EHA04815_bin.68.fa.gz,63.83072916069805,NA,NA,NA,NA,NA,722_0,NA,NA,1,NA,NA,NA,NA
EHA04823_bin.233.fa.gz,80.82306005485135,NA,NA,NA,NA,NA,723_1,NA,NA,1,NA,NA,NA,NA
nhnw_bin.304.fa.gz,48.86892346578979,NA,NA,NA,NA,NA,723_2,NA,NA,1,NA,NA,NA,NA
nhnw_bin.381.fa.gz,56.30367134530082,NA,NA,NA,NA,NA,724_0,NA,NA,1,NA,NA,NA,NA
nhnw_bin.213.fa.gz,78.51793700750055,NA,NA,NA,NA,NA,725_0,NA,NA,1,NA,NA,NA,NA
nhnw_bin.74.fa.gz,77.15445088048511,NA,NA,NA,NA,NA,726_0,NA,NA,1,NA,NA,NA,NA
EHA04823_bin.181.fa.gz,81.3159226005647,NA,NA,NA,NA,NA,727_0,NA,NA,1,NA,NA,NA,NA
nhnw_bin.120.fa.gz,57.22953911237348,NA,NA,NA,NA,NA,728_0,NA,NA,1,NA,NA,NA,NA
nhnw_bin.575.fa.gz,67.29339852392664,NA,NA,NA,NA,NA,729_0,NA,NA,1,NA,NA,NA,NA
EHA04823_bin.221.fa.gz,94.7197902566977,NA,NA,NA,NA,NA,730_0,NA,NA,1,NA,NA,NA,NA
nhnw_bin.451.fa.gz,54.8345901794982,NA,NA,NA,NA,NA,731_0,NA,NA,1,NA,NA,NA,NA
EHA04823_bin.209.fa.gz,92.40520547400509,NA,NA,NA,NA,NA,732_0,NA,NA,1,NA,NA,NA,NA
EHA04815_bin.171.fa.gz,48.251616069955766,NA,NA,NA,NA,NA,733_0,NA,NA,1,NA,NA,NA,NA
EHA04823_bin.303.fa.gz,80.50366189317862,NA,NA,NA,NA,NA,734_0,NA,NA,1,NA,NA,NA,NA
EHA04823_bin.187.fa.gz,63.43041157435547,NA,NA,NA,NA,NA,735_0,NA,NA,1,NA,NA,NA,NA
nhnw_bin.207.fa.gz,63.66693267442135,NA,NA,NA,NA,NA,736_0,NA,NA,1,NA,NA,NA,NA
EHA04823_bin.267.fa.gz,95.06723556432082,NA,NA,NA,NA,NA,737_0,NA,NA,1,NA,NA,NA,NA
nhnw_bin.102.fa.gz,86.64603992010831,NA,NA,NA,NA,NA,738_0,NA,NA,1,NA,NA,NA,NA
nhnw_bin.170.fa.gz,41.86755499484309,NA,NA,NA,NA,NA,739_0,NA,NA,1,NA,NA,NA,NA
nhnw_bin.153.fa.gz,97.16128543411116,NA,NA,NA,NA,NA,740_0,NA,NA,1,NA,NA,NA,NA
nhnw_bin.55.fa.gz,96.3952715290522,NA,NA,NA,NA,NA,741_0,NA,NA,1,NA,NA,NA,NA
nhnw_bin.458.fa.gz,91.13356644958428,NA,NA,NA,NA,NA,742_0,NA,NA,1,NA,NA,NA,NA
nhnw_bin.31.fa.gz,85.80509742848209,NA,NA,NA,NA,NA,743_0,NA,NA,1,NA,NA,NA,NA
EHA04823_bin.39.fa.gz,100.35340557345948,NA,NA,NA,NA,NA,744_1,NA,NA,1,NA,NA,NA,NA
nhnw_bin.20.fa.gz,54.96988495736639,NA,NA,NA,NA,NA,744_2,NA,NA,1,NA,NA,NA,NA
EHA04750_bin.18.fa.gz,96.7239818490437,NA,NA,NA,NA,NA,745_0,NA,NA,1,NA,NA,NA,NA
EHA04815_bin.158.fa.gz,79.80640796677154,NA,NA,NA,NA,NA,746_0,NA,NA,1,NA,NA,NA,NA
nhnw_bin.218.fa.gz,92.2805307790162,NA,NA,NA,NA,NA,747_0,NA,NA,1,NA,NA,NA,NA
EHA04823_bin.231.fa.gz,77.73576872883629,NA,NA,NA,NA,NA,748_0,NA,NA,1,NA,NA,NA,NA
nhnw_bin.63.fa.gz,71.81759025625188,NA,NA,NA,NA,NA,749_0,NA,NA,1,NA,NA,NA,NA
EHA04744_bin.40.fa.gz,95.40649008301972,NA,NA,NA,NA,NA,750_0,NA,NA,1,NA,NA,NA,NA
EHA04823_bin.229.fa.gz,67.70757472888671,NA,NA,NA,NA,NA,751_1,NA,NA,1,NA,NA,NA,NA
nhnw_bin.581.fa.gz,71.09339157162906,NA,NA,NA,NA,NA,751_2,NA,NA,1,NA,NA,NA,NA
EHA04815_bin.176.fa.gz,85.15276184633663,NA,NA,NA,NA,NA,752_0,NA,NA,1,NA,NA,NA,NA
nhnw_bin.298.fa.gz,39.32746848401872,NA,NA,NA,NA,NA,753_0,NA,NA,1,NA,NA,NA,NA
nhnw_bin.488.fa.gz,41.27250948614138,NA,NA,NA,NA,NA,754_0,NA,NA,1,NA,NA,NA,NA
EHA04823_bin.172.fa.gz,91.24779577520286,NA,NA,NA,NA,NA,755_0,NA,NA,1,NA,NA,NA,NA
nhnw_bin.319.fa.gz,32.70342597391032,NA,NA,NA,NA,NA,756_0,NA,NA,1,NA,NA,NA,NA
nhnw_bin.278.fa.gz,49.99122698052014,NA,NA,NA,NA,NA,757_0,NA,NA,1,NA,NA,NA,NA
EHA04815_bin.179.fa.gz,87.08023842916371,NA,NA,NA,NA,NA,758_0,NA,NA,1,NA,NA,NA,NA
nhnw_bin.221.fa.gz,57.80103546363204,NA,NA,NA,NA,NA,759_0,NA,NA,1,NA,NA,NA,NA
EHA04750_bin.41.fa.gz,83.63677173426623,NA,NA,NA,NA,NA,760_0,NA,NA,1,NA,NA,NA,NA
nhnw_bin.148.fa.gz,65.9230946498684,NA,NA,NA,NA,NA,761_0,NA,NA,1,NA,NA,NA,NA
nhnw_bin.407.fa.gz,54.968507602954,NA,NA,NA,NA,NA,762_0,NA,NA,1,NA,NA,NA,NA
nhnw_bin.373.fa.gz,85.39952776552616,NA,NA,NA,NA,NA,763_0,NA,NA,1,NA,NA,NA,NA
EHA04815_bin.129.fa.gz,85.17350106525926,NA,NA,NA,NA,NA,764_0,NA,NA,1,NA,NA,NA,NA
EHA04823_bin.204.fa.gz,98.34792396602332,NA,NA,NA,NA,NA,765_0,NA,NA,1,NA,NA,NA,NA
nhnw_bin.434.fa.gz,78.66982621268303,NA,NA,NA,NA,NA,766_0,NA,NA,1,NA,NA,NA,NA
nhnw_bin.561.fa.gz,97.56652734668212,NA,NA,NA,NA,NA,767_0,NA,NA,1,NA,NA,NA,NA
EHA04815_bin.26.fa.gz,92.20146056038,NA,NA,NA,NA,NA,768_0,NA,NA,1,NA,NA,NA,NA
nhnw_bin.331.fa.gz,98.13577075092442,NA,NA,NA,NA,NA,769_0,NA,NA,1,NA,NA,NA,NA
EHA04815_bin.93.fa.gz,95.37776752309765,NA,NA,NA,NA,NA,770_1,NA,NA,2,98.60,98.60,NA,NA
EHA04823_bin.237.fa.gz,50.29327334218806,NA,NA,NA,NA,NA,771_0,NA,NA,1,NA,NA,NA,NA
EHA04749_bin.28.fa.gz,100.80624887754416,NA,NA,NA,NA,NA,772_0,NA,NA,1,NA,NA,NA,NA
nhnw_bin.340.fa.gz,94.26507235687052,NA,NA,NA,NA,NA,773_0,NA,NA,1,NA,NA,NA,NA
EHA04823_bin.53.fa.gz,92.81010447600296,NA,NA,NA,NA,NA,774_0,NA,NA,1,NA,NA,NA,NA
EHA04815_bin.177.fa.gz,91.0466922165602,NA,NA,NA,NA,NA,775_0,NA,NA,1,NA,NA,NA,NA
nhnw_bin.413.fa.gz,93.181625966619,NA,NA,NA,NA,NA,776_1,NA,NA,2,98.30,98.30,NA,NA
EHA04815_bin.148.fa.gz,96.3708736731324,NA,NA,NA,NA,NA,776_2,NA,NA,1,NA,NA,NA,NA
EHA04823_bin.111.fa.gz,95.45428289268015,NA,NA,NA,NA,NA,777_0,NA,NA,1,NA,NA,NA,NA
nhnw_bin.295.fa.gz,95.74629827407384,NA,NA,NA,NA,NA,778_0,NA,NA,1,NA,NA,NA,NA
nhnw_bin.439.fa.gz,71.62732510796714,NA,NA,NA,NA,NA,779_0,NA,NA,1,NA,NA,NA,NA
EHA04823_bin.69.fa.gz,78.89755439820824,NA,NA,NA,NA,NA,780_1,NA,NA,1,NA,NA,NA,NA
nhnw_bin.123.fa.gz,91.98675529169266,NA,NA,NA,NA,NA,780_2,NA,NA,1,NA,NA,NA,NA
EHA04815_bin.10.fa.gz,99.83158810964872,NA,NA,NA,NA,NA,781_0,NA,NA,1,NA,NA,NA,NA
EHA04823_bin.116.fa.gz,73.24260302543017,NA,NA,NA,NA,NA,782_1,NA,NA,1,NA,NA,NA,NA
nhnw_bin.433.fa.gz,93.11881471569448,NA,NA,NA,NA,NA,782_2,NA,NA,1,NA,NA,NA,NA
EHA04823_bin.207.fa.gz,100.05446477451837,NA,NA,NA,NA,NA,783_1,NA,NA,1,NA,NA,NA,NA
nhnw_bin.555.fa.gz,94.1500403219315,NA,NA,NA,NA,NA,783_2,NA,NA,1,NA,NA,NA,NA
EHA04815_bin.58.fa.gz,91.58460412609097,NA,NA,NA,NA,NA,784_0,NA,NA,1,NA,NA,NA,NA
EHA04815_bin.15.fa.gz,97.787788217659,NA,NA,NA,NA,NA,785_0,NA,NA,1,NA,NA,NA,NA
nhnw_bin.51.fa.gz,82.2689600129185,NA,NA,NA,NA,NA,786_0,NA,NA,1,NA,NA,NA,NA
nhnw_bin.550.fa.gz,92.67470593043554,NA,NA,NA,NA,NA,787_0,NA,NA,1,NA,NA,NA,NA
EHA04823_bin.82.fa.gz,82.14243048631987,NA,NA,NA,NA,NA,788_1,NA,NA,1,NA,NA,NA,NA
nhnw_bin.97.fa.gz,67.66022440326121,NA,NA,NA,NA,NA,788_2,NA,NA,1,NA,NA,NA,NA
EHA04815_bin.97.fa.gz,100.64481418808012,NA,NA,NA,NA,NA,789_0,NA,NA,1,NA,NA,NA,NA
EHA04747_bin.21.fa.gz,93.23031193727496,NA,NA,NA,NA,NA,790_0,NA,NA,1,NA,NA,NA,NA
EHA04815_bin.79.fa.gz,99.36334886564968,NA,NA,NA,NA,NA,791_0,NA,NA,1,NA,NA,NA,NA
nhnw_bin.521.fa.gz,91.39050361289476,NA,NA,NA,NA,NA,792_0,NA,NA,1,NA,NA,NA,NA
nhnw_bin.352.fa.gz,94.61281358310494,NA,NA,NA,NA,NA,793_0,NA,NA,1,NA,NA,NA,NA
EHA04823_bin.256.fa.gz,99.79367442148566,NA,NA,NA,NA,NA,794_1,NA,NA,1,NA,NA,NA,NA
nhnw_bin.208.fa.gz,97.88087245747457,NA,NA,NA,NA,NA,794_2,NA,NA,1,NA,NA,NA,NA
nhnw_bin.143.fa.gz,95.4988267733517,NA,NA,NA,NA,NA,795_0,NA,NA,1,NA,NA,NA,NA
EHA04823_bin.19.fa.gz,92.80291687880236,NA,NA,NA,NA,NA,796_1,NA,NA,1,NA,NA,NA,NA
nhnw_bin.229.fa.gz,87.65048107065027,NA,NA,NA,NA,NA,796_2,NA,NA,1,NA,NA,NA,NA
EHA04747_bin.37.fa.gz,100.23690742694473,NA,NA,NA,NA,NA,797_0,NA,NA,1,NA,NA,NA,NA
EHA04815_bin.11.fa.gz,77.28650403582893,NA,NA,NA,NA,NA,798_0,NA,NA,1,NA,NA,NA,NA
nhnw_bin.37.fa.gz,75.16279618372653,NA,NA,NA,NA,NA,799_0,NA,NA,1,NA,NA,NA,NA
nhnw_bin.108.fa.gz,82.22174323028932,NA,NA,NA,NA,NA,800_0,NA,NA,1,NA,NA,NA,NA
EHA04743_bin.38.fa.gz,88.27324468135423,NA,NA,NA,NA,NA,801_0,NA,NA,1,NA,NA,NA,NA
EHA04815_bin.169.fa.gz,69.97660245004214,NA,NA,NA,NA,NA,802_0,NA,NA,1,NA,NA,NA,NA
EHA04823_bin.122.fa.gz,96.05480562317416,NA,NA,NA,NA,NA,803_1,NA,NA,1,NA,NA,NA,NA
nhnw_bin.368.fa.gz,69.62847952289539,NA,NA,NA,NA,NA,803_2,NA,NA,1,NA,NA,NA,NA
nhnw_bin.192.fa.gz,75.89793742783624,NA,NA,NA,NA,NA,804_0,NA,NA,1,NA,NA,NA,NA
nhnw_bin.225.fa.gz,79.45087812884292,NA,NA,NA,NA,NA,805_0,NA,NA,1,NA,NA,NA,NA
EHA04823_bin.98.fa.gz,58.77160292406476,NA,NA,NA,NA,NA,806_0,NA,NA,1,NA,NA,NA,NA
nhnw_bin.248.fa.gz,66.21389833363465,NA,NA,NA,NA,NA,807_0,NA,NA,1,NA,NA,NA,NA
EHA04823_bin.208.fa.gz,81.15671901354553,NA,NA,NA,NA,NA,808_1,NA,NA,1,NA,NA,NA,NA
nhnw_bin.19.fa.gz,81.90178927582511,NA,NA,NA,NA,NA,808_2,NA,NA,1,NA,NA,NA,NA
nhnw_bin.52.fa.gz,96.72990751634444,NA,NA,NA,NA,NA,809_0,NA,NA,1,NA,NA,NA,NA
EHA04815_bin.39.fa.gz,57.1019588190032,NA,NA,NA,NA,NA,810_0,NA,NA,1,NA,NA,NA,NA
nhnw_bin.583.fa.gz,80.00635185280893,NA,NA,NA,NA,NA,811_0,NA,NA,1,NA,NA,NA,NA
nhnw_bin.109.fa.gz,82.25082780198812,NA,NA,NA,NA,NA,812_0,NA,NA,1,NA,NA,NA,NA
nhnw_bin.365.fa.gz,93.75739651409648,NA,NA,NA,NA,NA,813_0,NA,NA,1,NA,NA,NA,NA
EHA04823_bin.102.fa.gz,74.1154646602221,NA,NA,NA,NA,NA,814_0,NA,NA,1,NA,NA,NA,NA
nhnw_bin.94.fa.gz,84.08977960621755,NA,NA,NA,NA,NA,815_0,NA,NA,1,NA,NA,NA,NA
EHA04815_bin.150.fa.gz,94.7191316712365,NA,NA,NA,NA,NA,816_0,NA,NA,1,NA,NA,NA,NA
EHA04823_bin.135.fa.gz,81.6483575752843,NA,NA,NA,NA,NA,817_0,NA,NA,1,NA,NA,NA,NA
EHA04823_bin.70.fa.gz,69.06097234093902,NA,NA,NA,NA,NA,818_1,NA,NA,1,NA,NA,NA,NA
nhnw_bin.10.fa.gz,92.3869972331616,NA,NA,NA,NA,NA,818_2,NA,NA,1,NA,NA,NA,NA
nhnw_bin.409.fa.gz,73.70598222949734,NA,NA,NA,NA,NA,819_0,NA,NA,1,NA,NA,NA,NA
EHA04747_bin.49.fa.gz,39.37405760266361,NA,NA,NA,NA,NA,820_0,NA,NA,1,NA,NA,NA,NA
EHA04749_bin.46.fa.gz,76.9741888768591,NA,NA,NA,NA,NA,821_0,NA,NA,1,NA,NA,NA,NA
nhnw_bin.98.fa.gz,85.45594587162145,NA,NA,NA,NA,NA,822_0,NA,NA,1,NA,NA,NA,NA
EHA04823_bin.165.fa.gz,61.245365404174464,NA,NA,NA,NA,NA,823_0,NA,NA,1,NA,NA,NA,NA
nhnw_bin.345.fa.gz,75.87381142406174,NA,NA,NA,NA,NA,824_0,NA,NA,1,NA,NA,NA,NA
EHA04815_bin.3.fa.gz,99.1208550744708,NA,NA,NA,NA,NA,825_0,NA,NA,1,NA,NA,NA,NA
EHA04823_bin.15.fa.gz,81.42029045621365,NA,NA,NA,NA,NA,826_0,NA,NA,1,NA,NA,NA,NA
nhnw_bin.212.fa.gz,81.75991353156034,NA,NA,NA,NA,NA,827_0,NA,NA,1,NA,NA,NA,NA
nhnw_bin.411.fa.gz,89.61478316991838,NA,NA,NA,NA,NA,828_0,NA,NA,1,NA,NA,NA,NA
EHA04823_bin.130.fa.gz,95.63416033275944,NA,NA,NA,NA,NA,829_1,NA,NA,1,NA,NA,NA,NA
nhnw_bin.547.fa.gz,90.16628801983045,NA,NA,NA,NA,NA,829_2,NA,NA,1,NA,NA,NA,NA
EHA04823_bin.8.fa.gz,97.03733516594768,NA,NA,NA,NA,NA,830_0,NA,NA,1,NA,NA,NA,NA
nhnw_bin.265.fa.gz,93.13155577197672,NA,NA,NA,NA,NA,831_0,NA,NA,1,NA,NA,NA,NA
EHA04815_bin.5.fa.gz,87.76656638727458,NA,NA,NA,NA,NA,832_0,NA,NA,1,NA,NA,NA,NA
EHA04815_bin.42.fa.gz,82.90638215247026,NA,NA,NA,NA,NA,833_0,NA,NA,1,NA,NA,NA,NA
EHA04823_bin.159.fa.gz,76.65567558229152,NA,NA,NA,NA,NA,834_0,NA,NA,1,NA,NA,NA,NA
EHA04815_bin.59.fa.gz,99.87334795293118,NA,NA,NA,NA,NA,835_0,NA,NA,1,NA,NA,NA,NA
nhnw_bin.516.fa.gz,94.94930313742232,NA,NA,NA,NA,NA,836_0,NA,NA,1,NA,NA,NA,NA
nhnw_bin.80.fa.gz,78.84707593889111,NA,NA,NA,NA,NA,837_0,NA,NA,1,NA,NA,NA,NA
nhnw_bin.113.fa.gz,82.67955168974247,NA,NA,NA,NA,NA,838_0,NA,NA,1,NA,NA,NA,NA
EHA04815_bin.72.fa.gz,82.43748611707927,NA,NA,NA,NA,NA,839_0,NA,NA,1,NA,NA,NA,NA
nhnw_bin.321.fa.gz,93.4939581663208,NA,NA,NA,NA,NA,840_0,NA,NA,1,NA,NA,NA,NA
EHA04823_bin.43.fa.gz,82.39483577430893,NA,NA,NA,NA,NA,841_1,NA,NA,1,NA,NA,NA,NA
nhnw_bin.18.fa.gz,86.92445798922691,NA,NA,NA,NA,NA,841_2,NA,NA,1,NA,NA,NA,NA
EHA04815_bin.12.fa.gz,95.64100165453485,NA,NA,NA,NA,NA,842_0,NA,NA,1,NA,NA,NA,NA
EHA04823_bin.104.fa.gz,83.49790472690495,NA,NA,NA,NA,NA,843_0,NA,NA,1,NA,NA,NA,NA
nhnw_bin.272.fa.gz,53.241617064357406,NA,NA,NA,NA,NA,844_0,NA,NA,1,NA,NA,NA,NA
nhnw_bin.372.fa.gz,78.72018418992876,NA,NA,NA,NA,NA,845_0,NA,NA,1,NA,NA,NA,NA
nhnw_bin.578.fa.gz,88.74732353472592,NA,NA,NA,NA,NA,846_0,NA,NA,1,NA,NA,NA,NA
EHA04823_bin.107.fa.gz,85.84804392089248,NA,NA,NA,NA,NA,847_0,NA,NA,1,NA,NA,NA,NA
nhnw_bin.33.fa.gz,94.38450346480104,NA,NA,NA,NA,NA,848_0,NA,NA,1,NA,NA,NA,NA
EHA04746_bin.18.fa.gz,99.64273340034576,NA,NA,NA,NA,NA,849_0,NA,NA,1,NA,NA,NA,NA
EHA04815_bin.4.fa.gz,63.48115168164389,NA,NA,NA,NA,NA,850_0,NA,NA,1,NA,NA,NA,NA
nhnw_bin.553.fa.gz,98.5529490506354,NA,NA,NA,NA,NA,851_0,NA,NA,1,NA,NA,NA,NA
nhnw_bin.139.fa.gz,99.65202476532544,NA,NA,NA,NA,NA,852_0,NA,NA,1,NA,NA,NA,NA
nhnw_bin.145.fa.gz,98.67304979928454,NA,NA,NA,NA,NA,853_0,NA,NA,1,NA,NA,NA,NA
nhnw_bin.410.fa.gz,73.17995997787345,NA,NA,NA,NA,NA,854_0,NA,NA,1,NA,NA,NA,NA
EHA04823_bin.13.fa.gz,95.58202430101431,NA,NA,NA,NA,NA,855_1,NA,NA,1,NA,NA,NA,NA
nhnw_bin.370.fa.gz,81.47909432468649,NA,NA,NA,NA,NA,855_2,NA,NA,1,NA,NA,NA,NA
EHA04823_bin.155.fa.gz,95.20744860801656,NA,NA,NA,NA,NA,856_1,NA,NA,1,NA,NA,NA,NA
nhnw_bin.210.fa.gz,86.86506800199834,NA,NA,NA,NA,NA,856_2,NA,NA,1,NA,NA,NA,NA
EHA04815_bin.37.fa.gz,66.73141195747216,NA,NA,NA,NA,NA,857_0,NA,NA,1,NA,NA,NA,NA
EHA04823_bin.36.fa.gz,77.6537131724263,NA,NA,NA,NA,NA,858_1,NA,NA,1,NA,NA,NA,NA
nhnw_bin.354.fa.gz,89.44781838315296,NA,NA,NA,NA,NA,858_2,NA,NA,1,NA,NA,NA,NA
nhnw_bin.471.fa.gz,94.46281758393248,NA,NA,NA,NA,NA,859_0,NA,NA,1,NA,NA,NA,NA
nhnw_bin.141.fa.gz,81.52975132854371,NA,NA,NA,NA,NA,860_0,NA,NA,1,NA,NA,NA,NA
nhnw_bin.412.fa.gz,69.97196849334931,NA,NA,NA,NA,NA,861_0,NA,NA,1,NA,NA,NA,NA
nhnw_bin.500.fa.gz,26.615418882496343,NA,NA,NA,NA,NA,862_0,NA,NA,1,NA,NA,NA,NA
nhnw_bin.11.fa.gz,92.48749553350076,NA,NA,NA,NA,NA,863_0,NA,NA,1,NA,NA,NA,NA
nhnw_bin.135.fa.gz,92.41843958763997,NA,NA,NA,NA,NA,864_0,NA,NA,1,NA,NA,NA,NA
nhnw_bin.3.fa.gz,84.8500579375948,NA,NA,NA,NA,NA,865_0,NA,NA,1,NA,NA,NA,NA
EHA04815_bin.164.fa.gz,85.4678622014031,NA,NA,NA,NA,NA,866_0,NA,NA,1,NA,NA,NA,NA
nhnw_bin.178.fa.gz,83.17886985896003,NA,NA,NA,NA,NA,867_0,NA,NA,1,NA,NA,NA,NA
nhnw_bin.105.fa.gz,69.47307549079812,NA,NA,NA,NA,NA,868_0,NA,NA,1,NA,NA,NA,NA
nhnw_bin.443.fa.gz,90.6453138558553,NA,NA,NA,NA,NA,869_0,NA,NA,1,NA,NA,NA,NA
EHA04748_bin.40.fa.gz,91.39742504528068,NA,NA,NA,NA,NA,870_0,NA,NA,1,NA,NA,NA,NA
nhnw_bin.32.fa.gz,58.667804009258944,NA,NA,NA,NA,NA,871_0,NA,NA,1,NA,NA,NA,NA
EHA04823_bin.230.fa.gz,92.70894440289628,NA,NA,NA,NA,NA,872_0,NA,NA,1,NA,NA,NA,NA
nhnw_bin.70.fa.gz,87.45152470580831,NA,NA,NA,NA,NA,873_0,NA,NA,1,NA,NA,NA,NA
nhnw_bin.157.fa.gz,71.25214018802353,NA,NA,NA,NA,NA,874_0,NA,NA,1,NA,NA,NA,NA
nhnw_bin.302.fa.gz,89.87566503860668,NA,NA,NA,NA,NA,875_0,NA,NA,1,NA,NA,NA,NA
nhnw_bin.394.fa.gz,72.19081236726701,NA,NA,NA,NA,NA,876_0,NA,NA,1,NA,NA,NA,NA
nhnw_bin.150.fa.gz,67.40102743407813,NA,NA,NA,NA,NA,877_0,NA,NA,1,NA,NA,NA,NA
nhnw_bin.602.fa.gz,58.49105240044644,NA,NA,NA,NA,NA,878_0,NA,NA,1,NA,NA,NA,NA
nhnw_bin.474.fa.gz,72.65564478653228,NA,NA,NA,NA,NA,879_0,NA,NA,1,NA,NA,NA,NA
nhnw_bin.322.fa.gz,82.72924204764152,NA,NA,NA,NA,NA,880_0,NA,NA,1,NA,NA,NA,NA
nhnw_bin.545.fa.gz,66.54641809056712,NA,NA,NA,NA,NA,881_0,NA,NA,1,NA,NA,NA,NA
EHA04823_bin.73.fa.gz,95.71107694643568,NA,NA,NA,NA,NA,882_0,NA,NA,1,NA,NA,NA,NA
nhnw_bin.397.fa.gz,79.2801259624499,NA,NA,NA,NA,NA,883_0,NA,NA,1,NA,NA,NA,NA
nhnw_bin.554.fa.gz,83.24689997273954,NA,NA,NA,NA,NA,884_0,NA,NA,1,NA,NA,NA,NA
EHA04823_bin.75.fa.gz,77.12996284126234,NA,NA,NA,NA,NA,885_0,NA,NA,1,NA,NA,NA,NA
nhnw_bin.22.fa.gz,95.03395698677868,NA,NA,NA,NA,NA,886_0,NA,NA,1,NA,NA,NA,NA
nhnw_bin.327.fa.gz,78.16138363638167,NA,NA,NA,NA,NA,887_0,NA,NA,1,NA,NA,NA,NA
EHA04823_bin.252.fa.gz,87.42769662968587,NA,NA,NA,NA,NA,888_0,NA,NA,1,NA,NA,NA,NA
nhnw_bin.243.fa.gz,90.89554474731258,NA,NA,NA,NA,NA,889_0,NA,NA,1,NA,NA,NA,NA
EHA04823_bin.103.fa.gz,83.96279075008972,NA,NA,NA,NA,NA,890_0,NA,NA,1,NA,NA,NA,NA
nhnw_bin.162.fa.gz,95.9865467536912,NA,NA,NA,NA,NA,891_0,NA,NA,1,NA,NA,NA,NA
EHA04823_bin.57.fa.gz,95.95083873790942,NA,NA,NA,NA,NA,892_1,NA,NA,1,NA,NA,NA,NA
nhnw_bin.382.fa.gz,70.61534437868681,NA,NA,NA,NA,NA,892_2,NA,NA,1,NA,NA,NA,NA
EHA04749_bin.26.fa.gz,100.85344218965884,NA,NA,NA,NA,NA,893_0,NA,NA,1,NA,NA,NA,NA
EHA04747_bin.2.fa.gz,96.3675791934629,NA,NA,NA,NA,NA,894_0,NA,NA,1,NA,NA,NA,NA
EHA04823_bin.160.fa.gz,97.10012133432028,NA,NA,NA,NA,NA,895_0,NA,NA,1,NA,NA,NA,NA
nhnw_bin.539.fa.gz,90.56637554125506,NA,NA,NA,NA,NA,896_0,NA,NA,1,NA,NA,NA,NA
EHA04747_bin.16.fa.gz,100.83281873543244,NA,NA,NA,NA,NA,897_0,NA,NA,1,NA,NA,NA,NA
nhnw_bin.23.fa.gz,84.49122894822764,NA,NA,NA,NA,NA,898_0,NA,NA,1,NA,NA,NA,NA
EHA04823_bin.41.fa.gz,67.67916555353725,NA,NA,NA,NA,NA,899_1,NA,NA,1,NA,NA,NA,NA
nhnw_bin.126.fa.gz,94.92443760207033,NA,NA,NA,NA,NA,899_2,NA,NA,1,NA,NA,NA,NA
nhnw_bin.73.fa.gz,56.67853011418681,NA,NA,NA,NA,NA,900_0,NA,NA,1,NA,NA,NA,NA
